视频标题,创建时间,视频编号,视频时长,播放量,视频弹幕,视频评论
【王老菊】前有悲伤 | 艾尔登法环EP.04,1646396296,BV1PL4y137Qb,70:27,446186,14119,3315
【王老菊】岗前培训！ | 艾尔登法环EP.03,1646217264,BV18b4y1x7nr,113:29,855526,25880,6085
【王老菊】急聘优秀员工 | 艾尔登法环EP.02,1646062617,BV15Y411G7xH,88:49,1068624,23979,6629
【王老菊】故地重游 | 艾尔登法环EP.01,1645819944,BV1X44y1n7oA,131:06,1882086,44947,14378
王老菊教你打拳五十年,1644300908,BV1aS4y1V7tF,71:43,1087637,18376,5106
王老菊教你狂暴割草,1644153481,BV1Gr4y1h7wS,83:46,1185634,13779,3841
王老菊教你挨打就要站稳,1642951217,BV1TF411W7Qp,86:41,1082252,10853,2949
王老菊教你飞剑铲雪,1642597208,BV165411f7St,76:34,1010939,18003,5024
王老菊教你带队反恐,1641130353,BV1X34y1z78k,42:12,1281643,12186,4410
王老菊教你生死角斗（2）,1637061010,BV1mP4y157nS,34:14,834582,6224,4171
【王老菊】这2021是一天待不下去了 | 艾尔登法环EP.00-2,1636909295,BV1434118783,106:44,1319674,27046,4195
【王老菊】跌 落 神 坛 | 艾尔登法环EP.00-1,1636810066,BV1AT4y1R7qR,112:52,1921011,48993,7522
王老菊教你抗德奇侠,1635941413,BV18f4y1u7Bh,80:37,955562,12090,2866
中世纪火力不足恐惧症,1635165649,BV1gT4y1d7Up,55:25,1163722,15407,2254
王老菊教你纷乱深渊,1634904677,BV1nL4y1B7yT,46:31,791940,5051,1630
王老菊教你红绿蓝佣兵,1634472978,BV1744y14789,40:47,606610,2948,1753
王老菊教你当药水哥,1633533877,BV17U4y1w7EZ,53:55,1067264,12933,3613
王老菊教你开车,1631437215,BV1Xq4y1Z7ss,34:49,1064665,19330,3100
王老菊教你当平衡市长,1630328404,BV1fQ4y1h71y,42:55,922316,11674,2730
王老菊教你骑马打架（看戏）,1630076402,BV1gg411V7T4,54:39,931840,12422,2549
【王老菊】八卦别人隐私是不对的,1628762410,BV1vQ4y127jv,98:09,949164,20501,4408
王老菊教你YYDS,1626333018,BV1564y1t7fK,57:19,1131319,12376,3598
【王老菊】魔女为什么都是白毛,1625803213,BV1Hb4y1k7Ta,35:50,663650,5444,1978
王老菊教你打架,1624933675,BV1mb4y1C7vx,129:46,1083352,9524,2351
王老菊教你开厂上班,1624363507,BV1q64y197z1,54:25,914599,8895,2553
王老菊教你避免社死,1622982438,BV1m44y1z7JA,156:04,1443531,13808,4144
【王老菊】最后的长枪哥,1622716081,BV1ih411e7ty,60:58,1064594,7060,2411
【王老菊】就  是  玩  儿~ | 生化危机⑧02,1621092782,BV1av41157aR,62:26,825287,13097,4150
王老菊教你拼图世界,1620871604,BV1mV411E7Cd,78:35,802506,10421,2758
【王老菊】为什么所有人都死了！  |  生化危机⑧01,1620574363,BV185411u77x,71:58,1286159,30936,7905
花一万只为请千万粉丝博主听我rap？【凭啥这么贵e17-唐阁】,1617422402,BV1cv41177s5,17:51,906031,7215,1993
3800一只的龙虾，王老菊来了！【凭啥这么贵 EP16-唐阁】,1616817611,BV1Lp4y1a7QZ,17:03,1301973,11812,2362
王老菊教你装大雕,1616756705,BV1aA411N7FV,21:52,686998,7017,2549
王老菊教你交房租,1616411084,BV1154y1872L,47:32,771488,5898,3037
王老菊教你捏（画）脸,1616155366,BV11y4y187Ad,42:46,458194,6771,1615
王老菊教你拍扁,1614952891,BV1wK4y1D71L,87:39,841051,12194,3104
王老菊的电竞元年,1614705844,BV1WA411K7PM,62:22,1269658,29523,7471
王老菊教你白发女巫,1613390532,BV1ih411C7q2,39:19,946662,11892,4587
王老菊教你在外星狗叫,1612959308,BV1MT4y1N7YL,62:04,913762,7362,2981
王老菊教你像素自走棋,1612882622,BV15y4y1279T,44:25,819381,5552,4701
王老菊教你咩（↑）,1611640815,BV11U4y147gP,31:33,785358,7622,2822
王老菊教你归西异途,1611208745,BV1po4y1R72n,60:59,1018075,10979,2204
王老菊教你帅气反恐,1611068887,BV1Yy4y1H78X,70:41,1402825,14414,2327
王老菊教你喂奶,1610446205,BV1154y1W72k,44:37,982442,9239,3569
王老菊教你嘟嘟大侠,1610272808,BV1Kz4y1679s,35:48,586924,5651,2162
【王老菊】时代没变,1610104207,BV1dX4y1N7W5,79:50,819777,6650,1567
王老菊教你拯救猫咪,1609344887,BV1CX4y1T7nF,65:28,940105,7527,1907
【王老菊】三百六十五行，行行都内卷 | 恶魔之魂重制版11,1608666670,BV1d64y1o7xd,95:29,913501,20613,3724
【王老菊】花瓶的试炼 | 恶魔之魂重制版10,1608361801,BV1964y1f7C8,73:38,776392,13468,2495
【王老菊】家乡の剑道 | 恶魔之魂重制版09,1608199515,BV1rZ4y1g77s,63:54,719374,14570,2474
【王老菊】半泽龙骨 | 恶魔之魂重制版08,1608058957,BV1qa4y1H7pv,73:39,821388,13857,2290
【王老菊】女人花 | 恶魔之魂重制版07,1607809478,BV1x54y147Q6,75:20,824249,16045,2577
【王老菊】阴间月光 | 恶魔之魂重制版06,1607518125,BV1i64y1f7iY,75:25,900846,21531,4232
【王老菊】太阳监狱 | 恶魔之魂重制版05,1607406796,BV135411G7zM,86:19,1143632,24789,2692
【王老菊】洞穴与长枪 | 恶魔之魂重制版04,1607217986,BV1aK41137SF,75:39,860602,17273,2153
【王老菊】我居然死了80多次 | 恶魔之魂重制版03,1606674394,BV13V411Y7Sw,54:43,1150560,13768,4861
【王老菊】原初之狗 | 恶魔之魂重制版02,1606318229,BV1ft4y1a7Yd,61:31,1332044,14660,3541
【王老菊】宫崎英高早期驯服人类史料 | 恶魔之魂重制版01,1605887987,BV1f5411V7kx,84:27,1895646,35140,6139
王老菊教你功夫足球（手球）,1605770109,BV14z4y1y7ch,36:23,635500,6368,1392
【王老菊】美少女与屠龙刀,1605268806,BV1JK4y1j73o,28:31,610477,4313,1367
【王师傅】用40万账单同款大黄鱼招待全网千万UP主王老菊！！-西郊五号,1604810595,BV1Mi4y1L7YK,23:45,2269822,21296,3224
王老菊教你打工人,1603777242,BV16v411k7S7,73:23,1304659,7086,1779
王老菊教你剧毒长枪,1602831912,BV1ua411A7KZ,70:07,980909,9170,1595
王老菊教你学习暴雪,1601908180,BV1E5411j7oL,55:00,962126,7786,1624
王老菊教你跳坑,1600488325,BV1tp4y1a7Ue,52:14,802509,4379,1289
王老菊教你被狗追,1600239902,BV1Hv411C7hQ,35:57,798961,7977,1376
王老菊教你笨比旅人,1599834444,BV1654y1C7rE,45:51,928457,11018,1819
王老菊教你养奴赚钱,1598350072,BV1B5411h7Zx,36:43,1234188,12285,2907
王老菊教你破裂银河（虫子）,1598026328,BV1a54y1e7zu,56:39,906016,10366,2434
王老菊教你雨中炸逼,1597758854,BV1DD4y127rb,61:22,995403,9560,2222
王老菊教你层层梦境,1597419870,BV1F64y1c7Sr,58:05,822558,8233,2312
王老菊教你玩围巾妹,1596955576,BV1qT4y157Md,25:43,741412,4906,1815
王老菊教你当埃及战神,1596809943,BV1Ap4y1v76R,51:21,1101001,13161,2961
王老菊教你当砍头大侠,1595600394,BV1T54y1B7m1,68:52,1323063,17778,3268
王老菊教你玩鸡,1594897257,BV1dV41167FS,52:48,773314,2938,1446
王老菊教你杀牛仔08 & 09,1594476903,BV13z4y1D7be,87:09,645111,6242,1403
11年前的本科生，现在高考能答几分？,1594137989,BV1R5411Y7tA,30:20,891613,15583,6111
王老菊教你杀牛仔06 & 07,1593887742,BV1TK411H7JU,95:08,694301,9142,1405
王老菊教你杀牛仔05,1593711878,BV1W54y1z78S,68:05,556909,9307,1410
王老菊教你杀牛仔03 & 04,1593195856,BV1pT4y177u8,98:52,836829,11859,1713
王老菊教你杀牛仔01&02,1592931367,BV1Eg4y1q7pu,89:41,1669824,17340,2420
王老菊品鉴韩国二次元浓度,1592654544,BV1KK4y1472U,103:38,892713,16597,2528
王老菊教你当女人背后的男人,1592478016,BV1hT4y1J7vy,36:20,668275,4275,1100
王老菊带你回忆童年，25年前的游戏,1591530202,BV11K4y1x7Ky,39:54,1368737,14392,2592
王老菊教你半疯传火,1590748254,BV1yg4y1B7GS,53:02,1014395,13435,3716
王老菊教你火车传火SP：我也许毁灭了平衡性,1590512111,BV1tV411C7FT,25:18,723897,5872,1951
王老菊教你火车传火,1590420030,BV1SQ4y1A7jF,49:41,990904,7630,2290
王老菊教你少女吸猫,1590148551,BV1qg4y1B7su,58:00,800794,12705,1792
王老菊自建mod玩贱民,1589131988,BV1Lk4y1k7dJ,43:52,1254040,9620,3127
王老菊教你射爆水果,1588587323,BV1qA411472q,53:04,939750,16446,4216
王老菊教你星际飘移,1588437732,BV18z4y1R7Ek,63:09,955205,16884,4535
王老菊教你守卫要塞,1588340614,BV1Qf4y1S7Rm,57:29,1068140,15279,2423
王老菊教你骑砍05：期货大鳄王亨利,1587821418,BV1Ak4y1k7LN,57:42,1315383,24442,5664
王老菊教你骑砍04：文化自信南帝国,1587435744,BV13i4y1t7KE,52:07,1470796,30377,5975
王老菊教你砍爆九霄,1586950522,BV1oT4y1G7gz,76:46,988647,16128,5665
王老菊教你骑砍03：南帝国武圣,1586727313,BV1ep4y1C7Av,82:33,1851517,44264,5897
王老菊教你骑砍02：帝国悍将王亨利,1586442871,BV1z64y1u7RC,48:42,1696724,37650,5723
王老菊教你骑砍01：竞技场刮痧之王！,1586189147,BV1a54y1d7TY,79:53,2349019,53862,6687
王老菊教你射爆伊甸,1585806357,BV1MV411f7vX,65:40,877053,9497,2180
老菊教免免打牌,1585645202,BV1Xk4y1d786,49:19,651034,7578,1941
王老菊教你当国王03：一次看不完可以收藏（,1584912546,BV1j7411m753,148:00,1341243,32126,4910
王老菊教你带兵打团,1584775427,BV1cE411w7Qc,58:10,785715,10251,2639
王老菊教你当国王02：早知如此,1584297863,BV1B7411f7Xq,66:36,1153968,19969,3433
王老菊教你当国王01：女儿啊！！！,1583926299,BV17E411L7sw,69:48,2051567,40007,6104
【王老菊】你看这张牌又大又白,1582477493,BV1H7411F7k8,70:33,1348647,11993,3206
王老菊教你迷失荒岛,1582193400,BV167411A7L9,43:02,1146513,13916,2485
王老菊教你全家种树,1581268642,BV17741147q3,153:01,2177116,37037,4516
王老菊教你治疗精神病,1580922223,BV117411H7Vp,91:07,1639056,28135,4525
王老菊教你恶狼咆哮,1578128711,BV1FJ41177Uq,44:03,1517597,14595,3633
王老菊教你启源男神,1577361607,BV1pJ411Y7wB,24:05,678969,2784,856
王老菊教你取之于民,1576956648,BV1kJ41147nB,31:39,1361500,11703,1937
王老菊教你造迷你小镇,1576353378,BV1XJ411r7Tf,46:23,1377361,9729,1692
王老菊教你拆爆地牢,1575809368,BV1YJ411v7eW,33:49,1149469,6928,1686
未来科技开发日记#2,1575136494,BV1rJ411B7tZ,32:38,811612,6898,2229
王老菊教你背棺夺旗,1574852004,BV1yJ411X7Qp,25:57,460490,1308,1084
王老菊教你骑鹿猎鹿,1573819247,BV16J411D7tg,27:26,795377,3861,1268
王老菊教你3元养狗,1573653232,BV1XJ411S7zV,47:43,953712,7960,1100
王老菊教你拼图军团,1572610637,BV17E41187Uj,35:04,809947,6760,1213
王老菊教你当善良的魔头,1572160800,BV1qE411a74L,50:00,1104589,8496,1618
王老菊带你闯荡银河,1572091236,BV1vE411a7HF,28:10,935093,4631,1836
王老菊教你以物易物,1570970612,BV1JE411d7tv,38:38,1254933,12618,1791
王老菊教你拆人致富 | 哪里不会拆哪里,1570031384,BV1xE411Q79C,86:52,1225830,15923,2051
王老菊教你分身潜行（莽）,1569767862,BV1mE411R74V,45:05,848764,5566,1344
"真正的粉丝【BML2019单品】",1569639613,BV1EJ411M7RX,20:49,808038,14854,2350
王老菊教你硬核传道01,1568966139,BV18J41137ZF,61:18,1465696,13474,2488
王老菊教你鸡儿战神,1568373312,BV1yJ411P7xx,44:25,1026308,12202,2072
【王老菊】我把自己家炸了,1567251049,BV1U441127FE,48:38,1299605,8719,2863
【王老菊】小鸡冲鸭！（保健版）,1566854057,BV1d441167bd,60:35,989847,7356,1489
王老菊教你当咬人勇者,1566644748,BV1q4411r7jU,29:37,876230,6032,1745
王老菊教你雨中剑圣,1566329776,BV1L4411d7LY,49:46,1230177,12378,2272
【王老菊】火柴人大冒险,1566136146,BV1V4411o7gp,61:01,1126787,14560,2688
王老菊教你当肌智猛男,1565870438,BV1e4411U77A,34:05,751980,4083,1542
【王老菊】亿万炮塔,1565541285,BV1f4411D7UV,35:10,1328634,11365,3397
【王老菊】奴隶阿飞的励志人生11,1564958797,BV1Ht411M75h,67:16,2799470,72008,12794
王老菊教你当将军砍王,1564816382,BV11t411u7c2,43:52,835776,11730,2652
【王老菊】奴隶阿飞的励志人生10,1564422219,BV1ft411F7ru,53:35,2173428,39715,7761
未来科技开发日记#1,1564157913,BV1ft411A74o,15:37,891027,13326,4659
【王老菊】奴隶阿飞的励志人生09,1563921980,BV1Mt411E76A,56:15,2606774,45898,8192
王老菊教你削削削削削削,1563696714,BV1kt411E7Hu,55:39,912028,16267,4701
【王老菊】奴隶阿飞的励志人生08,1563359980,BV1bt411g7Vb,64:41,2826441,57419,10982
王老菊和免免的聪明厨房,1563192035,BV19t41137P7,33:36,856802,9665,3241
【王老菊】奴隶阿飞的励志人生07,1563052430,BV1it411V7rc,57:19,2532845,47401,10306
【王老菊】奴隶阿飞的励志人生06,1562821876,BV1zx411f7We,55:40,2717467,62741,8715
【王老菊】奴隶阿飞的励志人生05,1562476206,BV1L4411w7iy,53:58,2807231,52129,9426
【王老菊】这个游戏太异常了,1562393327,BV1B4411c7Dz,45:02,847477,9337,2913
【王老菊】奴隶阿飞的励志人生04,1562247924,BV144411A7jn,44:50,2867609,38642,5386
【王老菊】奴隶阿飞的励志人生03,1562022044,BV18x411X7Bc,57:48,3163093,42090,4653
【王老菊】奴隶阿飞的励志人生02,1561759293,BV1tx41197uC,62:22,3551252,44852,5045
【王老菊】奴隶阿飞的励志人生01,1561576631,BV1ux411d746,63:20,5385077,68530,8603
王老菊教你乱转猛男,1561206102,BV1a4411u7He,52:15,581778,4944,1913
王老菊教你战锤猛男,1561005866,BV1o4411g7Jp,49:38,1187465,8193,2289
王老菊带你和前职业选手一起疯狂操作（E3vlog）,1560912410,BV194411G7Mh,18:25,511787,4839,1136
王老菊教你建岛收税,1560021881,BV1e4411T7i5,36:13,1070173,7938,1912
【王老菊】巨爽的刷子独立游戏,1558699493,BV1S4411L7Hd,38:58,1492092,6919,1915
王老菊教你叮叮当种菜03：光速有钱,1558293097,BV1J4411j7k3,63:37,827444,6995,1585
王老菊教你叮叮当种菜02：海岛归来,1558119946,BV1z441177VS,43:03,824360,9669,1864
王老菊教你叮叮当种菜01：不知道有没有下一集,1557337620,BV1B4411v7Vu,50:58,1374128,10893,3624
王老菊教你大禹（ju）治水,1556554053,BV1r4411477B,54:38,1140604,8447,2423
王老菊只狼10：抱得美人归,1556125336,BV1B441187Z2,69:05,939310,16090,2144
王老菊只狼09：红鲤鱼绿铝驴,1555785656,BV1Cb411V7Vv,78:07,764417,14645,1733
王老菊只狼08：父死子笑斩,1555511302,BV1bb41157hi,69:40,861250,15597,1980
王老菊只狼07：父慈子孝斩,1555255720,BV1zb411L7FM,71:58,886390,20950,2388
王老菊只狼06：化学正义,1554678203,BV16b411u7D4,74:48,1052197,17007,2578
王老菊只狼05：猴猴猴猴狼猴猴猴猴,1554287970,BV1Lb411W73G,78:07,1014520,18341,2739
王老菊只狼04：古寺寻妻记,1554060075,BV12b411s7KH,82:23,1030173,26617,2634
王老菊教你地牢逆袭|发家致富全靠贪,1553860818,BV1Xb411x7Cs,30:18,585459,2386,1304
王老菊只狼03：落命城管,1553717008,BV13b411x7Qf,79:04,1304595,20883,2804
王老菊只狼02：猛男五连boss战,1553455782,BV1ab41147d3,85:03,1818630,27375,3708
王老菊只狼01：生日礼物,1553274959,BV17b41177cB,90:12,2381780,45374,5063
【王老菊】温故知新，惨死高墙 | 真正的黑暗之魂3,1552992703,BV1qb411E7FW,63:48,1273041,19403,3519
王老菊的乡村爱情故事05：衣冠楚楚,1552628464,BV1zb411H7AH,59:50,762839,10247,2718
【王老菊】我的回合，叠甲！,1550909765,BV1db411h7hv,74:43,974678,7070,3299
王老菊教你翻滚撒雷,1550653521,BV1Eb411Y7RM,58:47,704012,5705,2255
王老菊的乡村爱情故事04：波西亚情圣,1550523726,BV1Qb411176Y,71:59,863050,14169,2624
王老菊教你拯救人质,1550174942,BV1tb41127Fm,46:52,1449090,11383,2729
王老菊的乡村爱情故事03：舔狗最终应有尽有,1548834671,BV13b411y7mR,74:11,951776,18249,3432
王老菊带你玩双生猛萝,1548756458,BV19b411C7dk,22:53,520780,3788,1884
王老菊的乡村爱情故事02：小镇镐王,1548181041,BV11t411t71V,58:44,965892,12006,3036
王老菊教你修仙03：工具人金丹直指,1547827095,BV1jt411a7QN,57:54,1203269,15366,3781
王老菊的乡村爱情故事01：波茜娅的春天,1547560234,BV1Rt411H7m8,61:57,1307594,17776,3466
王老菊教你修仙02：洞天福地人间仙境,1547342420,BV1kt411W7c5,56:06,1343058,15491,4520
王老菊教你修仙01：未来科技沃土千里,1547207084,BV1Ft411W7Wp,63:44,2510293,34877,8360
王老菊教你花式泡澡,1546779920,BV1Wt41147ZX,24:03,442224,4799,1783
王老菊的自由抗争路,1546618517,BV1Yt411x7tR,58:16,1029739,12540,3103
王老菊教你伐木朋克,1546012058,BV11t411r7Js,29:48,760818,4966,1716
【王老菊】小鸡冲鸭！！！！,1545284415,BV1rt411i7VS,55:20,1407872,8686,2427
【王老菊】一带大侠成长记！,1544961277,BV1Wt411e7ZS,30:41,894779,7114,2212
王老菊教你翘课公主（上下两集）,1544779882,BV1ft411v7x5,102:14,830026,15010,1768
王老菊教你守卫村庄 | 羊村末日保卫战,1544180098,BV1bt411S787,68:15,1001635,14010,1941
【王老菊】炉石传说 拉斯塔哈大乱斗 抢先试玩 | 猛虎骑天下第一！,1543730447,BV1mt411X7bS,38:38,558245,7662,1692
王老菊教你守卫村庄 | 羊背上的国家,1543122623,BV1Zt411X7oh,34:49,1100105,8823,2170
王老菊教你守卫村庄 | 站得高射得远,1542788806,BV1zt411C7gi,62:04,1292404,13948,2243
【王老菊】女校高中生被殴打背后的真相（共5P）,1542631414,BV1vt41117tT,266:52,1414952,26511,4785
王老菊教你当女装兔子,1542283226,BV1tt411279h,22:16,585831,2456,1043
老菊家的幸福食光Vol.03：花雕怪味鱼,1540460758,BV1et411d7ZD,10:15,1002193,15403,4093
王老菊教你当断剑奇侠08-替身战士太吾蝉,1539356799,BV1Mb411F7PY,66:43,1686004,30485,7277
王老菊教你当断剑奇侠07-二世觉醒,1539032165,BV13W41117Lb,45:32,1540395,20026,4774
王老菊教你当断剑奇侠06-响当当之死,1538816389,BV1oW411275Y,58:31,1826087,28500,4428
王老菊教你当断剑奇侠05-太吾修罗村,1538557245,BV1sW411U7XV,60:21,1684372,23973,3495
王老菊教你怎么当爹（儿子）,1538394833,BV1BW411m7cf,69:33,1517793,25634,3718
王老菊教你抓妖,1538308841,BV1FW411S7p9,35:58,307757,2375,1021
王老菊教你当断剑奇侠04-你女儿，我养之！,1538224451,BV1eW411S7VW,47:42,1765267,18124,3621
王老菊教你当断剑奇侠03-地北天南故人去,1537957763,BV1qW411U7HU,44:40,1557866,14961,3127
王老菊教你当断剑奇侠02-得罪了方丈还想跑？,1537766488,BV1BW411z77S,52:36,2012863,20439,3272
王老菊教你当断剑奇侠01-太污村奇女子,1537589945,BV18W411r78F,97:37,3970794,56612,6749
王老菊带你墓场物语06：大科学家,1536267269,BV1tW411d7BS,68:37,689589,6647,3846
王老菊带你墓场物语05：工作使我快乐,1535818623,BV13s411F7NX,58:24,686636,5602,2351
王老菊教你打网球,1535774417,BV14W411f7NR,15:48,427892,4188,1468
王老菊带你墓场物语04：深邃黑暗,1535490708,BV13s411c7zj,54:01,646516,6848,2552
王老菊带你墓场物语03：拔萝卜,1535056224,BV1oW411S7P6,48:46,647888,6922,3025
王老菊带你墓场物语02：主角的力量,1534711891,BV1WW41197A7,61:23,838724,10618,3432
王老菊带你墓场物语01：穿越之我是扫墓人,1534497476,BV1gW411d7Ms,70:38,1716515,17785,4233
王老菊带你梦幻战棋,1534248049,BV1Vs411M7zQ,21:33,450256,3539,1778
【王老菊】新警察故事02：肥影忍者,1533899764,BV1Ts411u79k,56:05,605276,7745,3238
【王老菊】新警察故事01：博丽博丽干杯,1533637432,BV18s411g7Gd,83:20,1256534,20839,4108
王老菊教你当方块大师,1533403748,BV1Ls411G7J5,38:46,624326,7090,1841
王老菊教你海滨夏日play,1532692847,BV1Ws411A7et,30:41,363769,2229,1110
王老菊带你畅游侏罗纪04：有钱使恐龙快乐,1531920355,BV1ss411E7QE,45:22,783081,16229,3208
王老菊带你顺火暖,1531627223,BV1is411J7hg,30:49,504055,14995,2742
王老菊带你畅游侏罗纪03：侏罗纪鼻王,1531396001,BV1zs411H75H,31:21,731486,9541,2192
王老菊带你畅游侏罗纪02：鱼唇的人类,1529662030,BV1ns41177XD,45:58,993232,12740,3359
王老菊带你畅游侏罗纪01：开业大吉，安全美丽！,1529077797,BV1rW411F7os,55:04,1544012,21219,3174
王老菊教你硬核黑白02：灰心哥再见,1528804326,BV1xW411w7uV,57:31,323773,3250,726
王老菊教你影之诗,1528200009,BV1iW411N7VF,53:46,373568,4804,2088
王老菊教你硬核黑白01：不死人都是不能跳的,1528195601,BV1xW411A7wm,46:00,728777,6934,1474
王老菊教你巫师传奇,1527008286,BV1Yp411o7zZ,64:26,813593,9896,2368
王老菊教你《未来风暴》,1526043509,BV1gW411F76g,31:47,550785,3709,1435
王老菊教你冰原求生05：新黎明,1525798349,BV11p411f7MD,65:26,1089561,21943,7813
王老菊教你冰原求生04：以董事长为核心的大工厂,1525695527,BV1Ep411f7N5,62:20,876160,11278,1950
王老菊教你冰原求生03：救救孩子们,1525260697,BV16W4113729,70:03,1039605,14350,2509
这不到一百分钟全是新 角 色,1524992097,BV1pW411V7b6,55:51,672347,5953,1466
王老菊教你冰原求生02：不满就憋着,1524907483,BV1JW411V7KC,52:21,1069037,11987,1956
王老菊教你当牧娘人,1524826346,BV1MW411V7CM,26:38,348784,2375,1462
王老菊教你冰原求生01：希望之火在风雪中点亮,1524734927,BV1yW411G7JR,45:19,2015879,17629,3446
【王老菊】和散人不那么刺激吃鸡,1523793902,BV1QW411L7Vb,26:12,455168,2376,950
王老菊教你刷怪致富,1523535045,BV1TW411T7vM,35:00,842795,7468,2889
王老菊教你修电脑,1522758084,BV11W411T7Ky,43:52,1069696,12275,2404
王老菊教你射暴战境,1522497601,BV1hW411u7tQ,34:18,459373,2845,1233
王老菊教你贱民成长记,1522407546,BV18W411u7Cf,60:09,835649,7045,1747
王老菊教你生死角斗,1521024596,BV1MW411p7R7,49:10,642598,7959,1670
王老菊和免免教你打枪,1521015758,BV1MW411p7Ah,37:21,274728,1439,1215
【王老菊】彩虹六号隐藏模式,1520937764,BV1ZW411H7Pm,24:09,595457,2935,3307
王老菊教你砍爆地牢,1519989581,BV1cW411x784,57:31,689233,9709,1893
【王老菊】在情人节感受另外一种爱,1518530525,BV1iW411E7o7,99:33,557764,10524,3311
王老菊教你养妹打怪,1518433622,BV18W411E7zZ,13:53,367826,3325,1876
王老菊教你对对碰兵团,1517484968,BV1HW411H7i6,35:36,230535,2970,1759
王老菊教你抵押良心,1517432831,BV15W411H7Wz,97:24,774149,14977,3770
王老菊教你拼图地牢,1516795594,BV1uW411e7Fj,45:06,539200,6881,1866
王老菊又来教你造桥：过完元旦来上班,1515174999,BV1vW411B7Gv,30:47,558570,7229,2345
王老菊又来教你造桥：光圈科技VS未来科技,1514392820,BV1QW411t72w,46:04,758317,9189,2238
王老菊教你摘苹果,1513684160,BV1GW41187T4,57:48,726688,11628,2499
免免教老菊环游大唐,1513593681,BV1AW41187zr,35:36,335982,8848,1888
老菊和免免教你谈恋爱,1513239714,BV1gW411a7FF,58:04,693231,10100,3122
【王老菊】这一百分钟全是失忆,1513074624,BV1CW411h7ow,105:08,678963,13799,2401
【王老菊】这一百分钟全是细节,1512420289,BV1nW411Y75v,106:17,1163037,17445,3621
王老菊教你当代理死神,1512240010,BV1cW411Y7aP,37:35,931533,6356,1716
王老菊教你骑驴打字,1511776475,BV1ex41157m1,49:51,483168,11578,1987
王老菊教你神仙打架,1510920519,BV14x411L7pb,36:38,530784,4132,1684
王老菊教你命运摸牌,1510425687,BV1Ex41177rv,44:38,595895,8139,2303
王老菊教你螺旋炼金,1509830871,BV1xx411j73K,39:49,758561,8519,2083
王老菊教你造缆车02：安全又高效,1509539431,BV1Yx411E7o6,38:26,589775,9584,1702
王老菊教你造缆车01：成熟的公司盈利之路,1508847655,BV1Mx411u7m2,33:05,919088,11074,2303
王老菊教你打猎03,1508530170,BV1rx411M7MP,51:21,1094226,20230,4002
王老菊教你秘境探险,1508323979,BV1nx411M7r1,59:04,438347,4540,1734
王老菊教你打猎02,1507382524,BV1Ax411G7rY,43:26,860391,18017,4487
王老菊教你打猎,1507123906,BV1hx41137E3,38:37,1544532,28099,4778
王老菊教你当太空佣兵,1506168786,BV1Wx411G7mE,37:16,606849,7165,2518
王老菊教你皮影进化,1506081614,BV1Gx411G7sv,38:28,371197,2437,1364
王老菊教你当键盘骑士,1505903926,BV1Gx411x7yx,32:30,672817,7131,1874
王老菊教你做菜,1505388633,BV14x411s7ss,32:03,524792,10542,2351
王老菊教你埃及探险,1505212212,BV1kx41147F8,47:05,1009401,10032,2262
王老菊教你跑路越狱02：牢里头跑了个年轻人,1504873828,BV1Px41147HS,41:05,1049151,9708,3212
王老菊教你跑路越狱01：牢里头来了个年轻人,1504628936,BV1Dx411x7KS,35:19,1536630,11331,3125
王老菊教你异次元世界如何生存,1504180859,BV1bx411t7CR,48:37,355130,4203,2248
王老菊教你纸上言商,1503958973,BV1gx411t7vY,50:28,615962,8395,2446
王老菊教你彩虹六号,1503414979,BV1Wx411b7ps,33:20,1191257,15667,4823
王老菊教你下三路剑法,1503331714,BV1px411b7gs,35:31,793064,16935,3394
王老菊的国王之路02：莽夫之底力,1502903784,BV1jx411J7pF,52:01,422450,7038,3120
王老菊教你跳火圈,1502045599,BV1ix411p7hX,39:05,814699,15479,4233
王老菊的国王之路01：这是一个神奇的桌面,1501805143,BV1Xx411H78P,67:26,776802,15221,2938
王老菊和散人的黏液之旅,1501282303,BV1nx411W7au,45:40,663588,10566,2291
【王老菊教你喜加一】第九期：射爆游戏,1501077245,BV1Kx411W7Et,38:30,704510,14507,3098
王老菊教你当王老炮,1500393647,BV1wx411i7PT,36:34,647159,9861,3923
王老菊的小小梦魇05| 学会了游泳,1500053514,BV1Nx411B7ZX,53:23,392650,13120,3196
王老菊教你创世战车,1499875228,BV1yx411q7Ao,40:58,905824,23408,3735
王老菊教你养殖猛男,1499174001,BV1fx411B7PX,46:57,974825,12127,3616
【王老菊】肉鸽之魂，专业传火侠！~15（FIN）,1498765989,BV1Nx411r7rj,76:49,839805,25818,4018
【王老菊】肉鸽之魂，兄弟之魂！~14,1498495521,BV18x41167Gq,65:59,888262,21886,4071
王老菊教你下海经商,1498193068,BV1Kx41167Gm,42:13,637360,7125,3020
【王老菊】肉鸽之魂，火中做猛男！~13,1498167282,BV1Nx411676P,60:07,687046,14920,2512
【王老菊】肉鸽之魂，梆硬mong男！~12,1498063450,BV1Xx411h7GU,65:23,856944,17525,3039
【王老菊】肉鸽之魂，不存在之物~11,1497885222,BV1xx411h7y2,36:52,800206,19181,3829
【王老菊】肉鸽之魂，神奇的天路~10,1497605396,BV1ux411h7hk,62:32,951625,18939,3721
王老菊教你当部落酋长,1497512928,BV1Fx411h7sf,29:56,554773,2929,1829
【王老菊】肉鸽之魂，项链批发五元一条。09,1497360232,BV1qx41187xv,39:18,776723,13186,2890
【王老菊】漏鸽黑魂，触手女装大佬~08,1497208107,BV1Kx411Y7XF,64:11,733364,15221,2415
【王老菊】肉鸽之魂，电力靓基~07,1497016614,BV11x411a7sz,51:46,918805,15654,3420
【王老菊】肉鸽之魂，薛定谔的非洲人~06,1496754708,BV1ex411a7Ts,50:18,783361,15184,3609
【王老菊】肉鸽之魂，小村庄一日游~05,1496677319,BV1Lx411a7jt,55:19,1109071,13156,2535
【王老菊】肉鸽之魂，非洲矿工小坚强~04,1496494393,BV1ux411a7jF,48:35,1004351,13981,2326
王老菊教你造船,1496419246,BV1bx411e76e,30:30,515190,6772,2514
【王老菊】肉鸽之魂，染血之臀！03,1496244325,BV18x411e7Zu,42:56,992289,17351,3175
【王老菊】肉鸽黑魂人品继续！02,1496146827,BV1Hx411e735,26:48,922569,9517,2272
【王老菊】随机之魂肉鸽来客！01,1496064841,BV1Vx411e7PX,33:28,1681747,19199,4141
王老菊的小小梦魇04 | 好吃（完）,1495614722,BV1ex411Y7Yt,34:12,313498,9855,1695
王老菊带你刚爆迷宫：传销套路血猎者,1495242020,BV1tx411v7pG,39:52,352883,2839,1419
王老菊的小小梦魇03 | 孪生肥宅,1495040427,BV1Lx411v71C,41:36,328731,8361,2116
王老菊教你玩蛋儿,1494576372,BV1Rx411m7az,25:05,444062,4056,1733
王老菊的小小梦魇02|手控福利,1494331038,BV1kx411m7AR,44:41,339592,10146,2005
王老菊的小小梦魇,1494156923,BV1ix411m7Go,41:47,696237,12761,2550
王老菊教你玩猛男阿修罗,1493292760,BV1Fx411S7W3,48:26,583182,7299,2105
王老菊带你迷航外星,1492786767,BV1Ex411U7bw,43:10,460747,9292,3120
王老菊教你榔头死神,1492003030,BV11x411S79T,42:12,697436,8892,2176
王老菊带你像素冒险,1491557290,BV1Fx411X71T,48:08,544153,8712,1890
（完结合集）【王老菊】筋肉猛男传火记【黑暗之魂3环之城DLC】,1490694877,BV1Qx411D7D3,249:10,2181469,51025,4620
王老菊和散人互相进入身体，竟然是为了,1490430370,BV14x411k7jj,40:37,792285,12381,4154
【王老菊】旋转仁王10,1489778050,BV1bx411r7Kr,68:01,389780,7518,1944
王老菊带你丛林进化,1489134920,BV1px411C7Jb,42:12,763349,7696,1829
【王老菊】迷路仁王08~09,1489080071,BV1Ex411C7oV,87:52,399103,8373,766
【王老菊】拖更仁王07,1488827244,BV15x411C7x5,50:44,330163,6746,1372
【王老菊】地精仁王06,1487949217,BV1yx411y7sv,53:10,417655,7506,3151
【王老菊】还有啥带仁王的词？04~05,1487613337,BV1nx411y7XX,87:15,524371,11709,2460
【王老菊】炸弹仁王03,1487519475,BV1sx411y7NY,63:45,497411,11217,2141
【王老菊】精尽仁王02,1487265373,BV1Nx411y7RH,46:01,525358,11637,2162
【王老菊】火力少年仁王01,1487170042,BV18x41127Ur,71:41,1208154,22492,3660
王老菊教你红衣影魔,1486749973,BV1Fx411276z,35:04,717071,13624,5364
王老菊教你杀将军09：影先生的故事,1484840722,BV1Ns411a7uo,40:32,348161,4387,6488
王老菊带你极限滑雪,1483800229,BV1ws411h75v,28:53,849412,13838,4139
王老菊教你杀将军08：金泽城炸比,1482919741,BV1Rs411a7hg,35:24,308618,4207,2704
【王老菊教你喜加一】第八期：打飞机游戏,1482648015,BV1bs411a7mw,51:58,587256,9001,1433
王老菊教你杀将军07：小村血案,1482303081,BV13s411a7Mk,46:27,308566,3911,1138
王老菊教你杀将军05~06,1482145963,BV1Vs411a7tr,67:36,418650,5497,1266
王老菊教你杀将军04：都留山芳影,1481741217,BV1Hs411e7T8,49:27,356346,4954,1159
王老菊教你杀将军01~03,1481613910,BV1ss411e7aX,129:03,1412577,21973,2128
王老菊带你刚爆迷宫,1481172656,BV1Ds411Y7on,67:08,585020,5712,1699
王老菊带你对话人工智能03（完）,1481097512,BV1Us411Y7Zb,77:58,241313,7568,2120
王老菊带你对话人工智能02,1481027213,BV1Rs411Y7wr,60:14,265972,5882,1820
王老菊带你对话人工智能01,1480864918,BV12s411Y7SJ,69:12,839404,14616,2605
【王老菊】未来科技的环世界传奇【第十集】“希望”,1480689622,BV1qs411Y7Qh,49:42,590960,8160,3508
王老菊教你安心弹跳,1480333445,BV1Ks411s7xW,44:02,462071,9340,2179
【王老菊教你喜加一】第七期：“简单”游戏,1480262760,BV1Vs411s7dw,61:38,613054,9310,1481
【王老菊】未来科技的环世界传奇【第九集】“团聚”,1480014733,BV1ms411W7et,59:11,500603,11502,2332
王老菊教你密室逃脱（全五章完结）,1479909545,BV1ys411W7oL,126:52,893717,13624,2382
【王老菊】未来科技的环世界传奇【第八集】“乌云盖顶”,1479814475,BV1Ss411W7K5,49:56,463652,8068,2323
王老菊教你当抱大腿大侠,1479810854,BV1Ss411W7ba,52:53,537205,3416,1130
【王老菊】未来科技的环世界传奇【第七集】“殇”,1479748604,BV1is411W7dV,48:32,493791,10418,2165
王老菊带你少女玩枪,1479610835,BV1ts411W7jR,43:20,337576,3915,1916
王老菊教你攻城拔寨（⑤）,1479576337,BV1bs411W7KL,25:05,680919,12966,2252
【王老菊】未来科技的环世界传奇【第六集】“村里来了个新人”,1479130887,BV1Ns411W7Le,57:36,628822,10078,2159
王老菊带你带队探险,1478865506,BV1Cs411x7Wk,65:14,900567,11344,2202
【王老菊】未来科技的环世界传奇【第五集】“崩溃村”,1478692191,BV1es411x7KK,57:55,641388,10574,1850
王老菊带你地牢燃烧,1478259577,BV1Gs411x7dY,62:11,621025,9376,1905
【王老菊】未来科技的环世界传奇【第四集】“他的泪”,1478164150,BV1os411s7XC,63:29,739291,11144,1716
【王老菊】迪士尼游记~,1478103264,BV1Rs411s7H7,15:59,605422,7939,2293
【王老菊】小姐姐骑士团观光记,1477589586,BV1zs411s7fv,52:36,847262,8743,1577
【王老菊】黑暗之魂3 DLC：阿里安德尔的灰烬【合集】,1477387747,BV1hs411s7Y3,228:49,1262322,32133,3933
老菊家的幸福食光Vol.02：万圣南瓜甜品,1477336117,BV18s411s7H4,14:05,567722,16785,3208
王老菊教你当玛斯塔,1476874174,BV1qs41147cS,46:36,624678,12498,3685
【王老菊的黑魂之旅30】壁外雪原（完结）,1476808918,BV1ys41147PV,33:53,706175,15529,4764
【王老菊】未来科技的环世界传奇【第三集】“明明是我先来的”,1476614701,BV1xs411477Y,54:26,831791,12498,2686
【王老菊】未来科技的环世界传奇【第二集】,1476287809,BV1ns41147Xa,46:23,903304,10718,2513
【王老菊】未来科技的环世界传奇【第一集】,1476127891,BV1Vs41147gy,61:59,2420087,20692,3684
【王老菊教你喜加一】第六期：“重力”游戏,1475864748,BV1ws41147xy,42:01,513326,8278,1693
王老菊带你街头闹事EP2,1475529820,BV1Ws411b7T3,75:17,632958,12279,2076
王老菊带你街头闹事,1475317633,BV1Fs411b7Wy,57:53,916968,13848,2219
王老菊带你玩崩坏3,1475237989,BV1os411t7N7,44:59,578900,11280,4047
王老菊带你战争仪式,1475130114,BV1cs411b7zK,46:08,522847,7833,1536
王老菊带你乱聊天,1474620362,BV1bs411t7uJ,16:43,446622,7138,2125
王老菊带你永恒空间,1474539980,BV1xs411t7oS,55:11,564491,8163,2023
王老菊的警察故事04：和平的一周,1474469097,BV1es411t7HE,60:26,414167,6937,2021
王老菊带你脱欧入非,1474372957,BV1Js411t7fN,38:01,513608,3899,1782
王老菊的警察故事03：一将功成,1474130179,BV1ns411t76q,64:05,606042,12381,2100
王老菊教你抓鬼画符,1473426415,BV1As411r7Q1,44:34,635935,15622,3308
王老菊的新菊家村故事02：他，和他，以及他,1473414373,BV1cs411r799,65:06,488455,7778,2049
王老菊的新菊家村故事01：英国小镇,1473239997,BV1ds41167xn,47:49,1273638,15194,2877
王老菊教你玩蛋,1473071956,BV1Fs411r7hV,33:06,681891,10946,3239
王老菊教你统兵作战,1472579935,BV1ss4116717,34:07,1101807,24352,3762
 王老菊的警察故事02：内外交困,1472495527,BV18s411679H,63:44,670102,15428,2807
王老菊的警察故事01：人生的十字路口,1472284001,BV17s41167tY,80:35,1471508,35820,5257
王老菊教你当撒币女王2：权力的游戏,1472131974,BV1Qs411k7zw,36:32,590711,15463,3817
王老菊教你当撒币女王,1471872300,BV1xs411k7F5,42:12,971295,16100,4155
王老菊带你石油大亨04：硬点市长,1471363173,BV19s411r7Lv,49:24,762999,17198,4304
王老菊带你石油大亨03：技术革新,1471103185,BV1Us411r7o1,63:22,771479,23018,4578
王老菊带你当大侠,1471002931,BV1as411r7qH,41:33,775719,22539,4406
王老菊带你石油大亨02：大股东！,1470829994,BV13s411y7QR,71:59,913326,34463,4821
王老菊带你石油大亨,1470583289,BV1fs411C7Lf,41:46,1306047,15812,4044
免免&老菊的地狱厨房,1470494280,BV1Qs411C7Jw,34:49,848603,13519,3841
王老菊带你轮回凶间,1470422235,BV1Us411C7Pe,32:57,709373,24515,3491
王老菊教你守卫皇家,1470148493,BV1hs411C71h,22:41,654682,9338,2937
王老菊教你乱玩手机：全部的真相,1469995883,BV1Gs411C7kF,55:21,469586,17610,2476
王老菊教你吹风一毛,1469789059,BV1Gs411C7P6,26:34,423630,9535,2584
王老菊带你乱玩手机：我是谁,1469730220,BV1Ts411C7UE,72:42,938195,31222,3304
王老菊带你玩封印者,1469151132,BV1Ts41117hN,34:33,434831,7892,3117
王老菊教你神之手,1469087454,BV1Ns41117oD,40:22,685046,11310,2341
免免教老菊当偶像,1468664888,BV1Cs411y71f,31:03,531023,10713,2767
王老菊带你地牢塔防,1468611127,BV1Ds411y7yg,44:15,495083,4979,1743
王老菊的石炉故事06： 熬出头,1468259270,BV1ss411y7XA,58:46,418171,10449,2902
王老菊教你赤脚狂刀,1468074447,BV1js411y7nF,45:56,512166,9156,2323
王老菊教你当阴阳师,1467984250,BV1ns411y7Gh,32:02,573123,6307,2779
王老菊的石炉故事05：逆境中成长,1467828520,BV1fs411v7mG,73:45,413783,10797,5293
王老菊教你造大桥04：新市场总监活儿好,1467727075,BV1Ks411i72C,30:56,740868,19798,3407
王老菊的石炉故事04：明日边缘,1467647643,BV1Qs411v7ij,50:30,403615,10518,7766
免免教你化妆——网骗牛郎妆容,1467438250,BV1ks411v739,15:56,1251976,53194,10278
王老菊的石炉故事03：弱智不能挖矿,1467310595,BV12s411v7fF,67:44,483076,12960,8059
王老菊的石炉故事02：救世主免免,1467213633,BV1es411v7KK,59:59,649839,17642,6702
王老菊的石炉故事01：故事的开头总是那么一票人,1467110902,BV1Bs411v77g,50:29,1057085,22682,8950
王老菊教你造大桥03：爱斯基摩刁民,1466996112,BV1ps411v7BY,53:23,925507,31851,2802
王老菊教你造大桥02：艺术企业家,1466524402,BV1Ls411v79Y,47:45,971927,28336,2434
王老菊教你打弹珠,1466440674,BV1cs411v7Q1,48:27,555890,4379,1329
王老菊教你造大桥01：盈利的公司才是好公司,1466316938,BV1Ts411v7Mk,22:12,1090958,17183,2215
王老菊带你玩搞姬百合游戏,1466175640,BV1Ss411e72b,45:57,398289,6811,1672
王老菊教你喜加一（5）：来点音乐吧,1466168274,BV1Ss411e7Xx,33:21,416095,8819,1445
王老菊教你当屎莱姆大亨04：固步自封,1465850558,BV1Js411q7Uv,41:09,407416,5372,1554
【王老菊】守望先锋的正确玩法,1465745787,BV1xs411q7eb,25:03,1264381,9143,2287
王老菊教你当屎莱姆大亨03：百万身家,1465570545,BV1gs411q7dY,47:53,401681,7656,2615
王老菊教你如何有品位,1465466633,BV1Ls411q7sb,38:52,569650,6866,2132
王老菊教你当屎莱姆大亨02：疯狂繁殖,1465383916,BV1cs411q7CQ,68:13,485529,12979,1908
王老菊教你玩无人机吧,1465312817,BV1Ms411q7BC,84:57,471576,8561,2362
王老菊教你超越光速,1465192456,BV19s411i7ND,117:31,622785,12043,1698
王老菊教你当屎莱姆大亨01：新晋铲屎官,1465143540,BV1Qs411i7Zp,59:02,577450,13118,1895
王老菊教你统治群星04：首战大捷,1465066930,BV1Ss411i7Qh,54:36,315827,5345,1476
王老菊教你统治群星03：战争前夕,1464979615,BV1ds411i71V,60:47,242724,5443,972
王老菊教你消消乐机甲,1464888700,BV1ys411i7g8,55:34,265067,4508,1048
王老菊教你统治群星02：步步为营,1464872102,BV1ks411i77o,62:56,348318,6250,1486
王老菊教你统治群星01：帝国兴起,1464609188,BV1Ys411i7yT,57:01,1489001,19336,3182
王老菊教你什么叫相扑骑士,1463779219,BV11s411B7VB,59:35,445979,10734,1510
王老菊教你换衣服,1463774757,BV11s411B7Tj,47:37,450290,14256,1408
王老菊教你当像素将军,1463588860,BV1Us411B7Jr,35:46,542538,10405,1338
王老菊教你鏖战职场,1463216884,BV1ss411B7Ws,40:09,590476,9604,2063
王老菊带你征服天空,1463039021,BV1bs411B7pQ,44:50,551093,12967,1392
【王老菊】重大决策按钮同人游戏,1462636986,BV1js411B7Vm,47:36,922674,24563,3029
王老菊的新黑魂之旅16：终焉，始焉（完）,1462413997,BV1Ts411B7wE,60:04,682361,16049,2267
王老菊的新黑魂之旅15：GIRIGIRI骑士,1462087494,BV1ds411q7Hb,71:51,610649,11521,1628
王老菊的新黑魂之旅14：恋爱之魂3,1461830964,BV11s411q7WZ,75:21,654835,14287,1236
王老菊的新黑魂之旅13：跌落神坛的太阳之王,1461621948,BV1hs411q7TD,74:33,682155,13969,1467
王老菊的新黑魂之旅12：电动按摩棒骑士,1461489931,BV1vs411q7a9,61:20,672679,16196,1716
王老菊教你打牌,1461323054,BV1gs41167eL,34:41,538653,8125,1940
王老菊的新黑魂之旅11：魅力四射的太阳骑士,1461242740,BV1Ms41167Eb,80:13,682087,16415,2281
【王老菊】Ratchet & Clank 瑞奇与叮当游戏实况,1460963859,BV1fs411z7A7,35:52,330694,5325,1077
王老菊的新黑魂之旅10：葱哥的故事,1460786694,BV1ks411z7XH,82:55,770357,14309,1564
王老菊的新黑魂之旅09：巨剑教还是亡了算了,1460537749,BV1vs411z79V,66:05,763290,13163,1516
王老菊教你喜加一（4）,1460290157,BV1qs411z71r,47:46,437883,8690,1771
王老菊的新黑魂之旅08：雷姆烟特不朽，巨剑神教当兴,1460276014,BV1Bs411z7KH,89:56,783679,17033,1616
王老菊的新黑魂之旅07：我们不生产蛋白质，我们只是蛋白质的搬运工,1460006649,BV14s411z7S6,92:46,828558,13433,1392
王老菊的新黑魂之旅06：皮肤落尽露拴索，一切虚诳法现前,1459838615,BV1Gs411z7Kk,55:11,768659,10041,1275
王老菊的新黑魂之旅05：死了十几次还吟什么诗,1459670769,BV1js411z7wE,78:40,932557,18681,2141
王老菊的新黑魂之旅04：意味深长者，真疯假癫谁人知,1459575972,BV1ws411z7BR,77:56,876890,15858,1233
王老菊带你坐剑论道,1459495506,BV1us411z7kY,21:22,326494,6726,1503
王老菊的新黑魂之旅03：青青一树伤心色，曾入几人离恨中,1459484798,BV1gs411z7Yc,78:06,1022365,15040,933
王老菊的新黑魂之旅02：洛斯里克旧时月，夜深还过女墙来,1459394902,BV1Ms411z7TD,60:50,1194517,16515,1399
王老菊的新黑魂之旅01：起焉，终焉,1459324313,BV19s411B7du,42:56,1969422,32700,3015
王老菊带你破案侦凶,1458816254,BV1Ls411X7kz,24:26,573519,10395,2177
【王老菊】超苦逼地牢探险,1458716188,BV1Vs411X7u3,44:01,592863,7501,1057
王老菊的格兰蒂亚之旅03&04：四季神殿和矿山,1458380344,BV1As411X7bs,105:18,312384,5812,1524
王老菊的格兰蒂亚之旅02：远古神殿,1458205484,BV1Us411Q7G9,75:31,270432,5045,1190
王老菊的格兰蒂亚之旅01：初出茅庐,1458116699,BV1ds411Q7Nq,80:20,756720,11095,1657
王老菊带你宇宙重组02,1458049866,BV19s411Q7SR,56:26,289817,5487,1840
王老菊带你宇宙重组,1457862773,BV1zs411Q7ed,78:10,672692,14860,2167
王老菊教你当农场主09：圆满人生,1457765852,BV12s411Q7Fu,111:34,443615,13922,2422
王老菊教你当农场主08：平凡家庭的冬天,1457551634,BV1bs411Q7vN,135:17,483846,11846,1528
免免教你化妆2——欧美御姐妆容,1457521701,BV1ts411Q7Kj,18:35,754026,21567,3561
王老菊教你超级性感,1457430046,BV14s411Q7BB,42:32,712622,8945,2151
王老菊教你当农场主07：让我的爱像花海般淹没你,1457353954,BV1es411Q78C,144:11,532006,18810,2528
王老菊教你当农场主06：乡村爱情故事,1457157254,BV1Es411Q7jW,130:48,587981,18088,4066
王老菊教你当农场主05：盛夏的果实,1457023600,BV1ss411Q7Mw,129:31,649426,15600,2226
王老菊教你当农场主04：牛棚里的F4,1456936773,BV1ns411Q7Dh,136:26,583643,17094,1770
王老菊教你当农场主03：牵着你的左手的我的钓鱼的手,1456861826,BV1gs411Q7aq,97:31,602499,14069,1662
王老菊教你当农场主02：老实巴交没人爱,1456765894,BV1Ts411Q71v,129:02,808999,19438,1933
王老菊教你当农场主01：村里头来了个年轻人,1456678304,BV15s411Q71n,119:32,2159744,50753,4527
王老菊教你当太阳起司,1456423529,BV1os411D7AT,35:44,545834,7725,2308
王老菊的海盗生涯04~05：没有了屎好寂寞,1455785191,BV1ss41197Vh,134:18,626484,23483,3656
王老菊教你喜加一（3）,1455340352,BV1Zs411X7Z5,77:32,622788,17633,2986
王老菊的避难所生存第100天：阖家团圆（完）,1455254327,BV1Ks41197Cv,81:37,682524,27906,4973
王老菊的避难所生存第八~九周：幸运双宝,1455189096,BV1Ns41197QA,148:51,647626,39346,3517
王老菊的避难所生存第七周：人心叵测,1455078524,BV1Ds411X72f,67:23,499627,22305,2761
王老菊的避难所生存第六周：汽油大亨,1455013327,BV1Ss411X7Sb,71:02,527176,19727,2457
王老菊的海盗生涯01~03：大海啊，都是屎,1454976635,BV1Us411X7Jc,196:09,1540117,51524,3077
王老菊的避难所生存第五周：垃圾刁民,1454690143,BV1rs411X7sp,80:25,643841,21939,2454
王老菊教你当机械师,1454581149,BV1Bs411X7wj,43:22,664125,31273,2155
王老菊的避难所生存第四周：欣欣向荣,1454511210,BV1ys411X7kb,69:24,620032,17322,2382
【王老菊】狂野星球“原恒星学院”副本团灭向实况,1454152461,BV1as411X7jx,42:15,256681,4393,1267
王老菊的避难所生存第三周：起死回生,1454068136,BV1Js411X7Fm,68:30,715666,19122,2188
老菊教你化妆——午夜女郎装容,1453650885,BV1Ss411R7Bm,31:16,1046283,54467,4222
王老菊的避难所生存第二周：愁云惨雾,1453629731,BV1Us411R7T1,68:42,874961,24655,2132
王老菊的避难所生存第一周：百废待兴,1453446136,BV1rs411R78K,60:26,1646839,29473,2914
王老菊的骑士人生,1453195308,BV11s411R7KW,39:49,662798,10531,1538
王老菊教你喜加一（2）,1452107106,BV1Ms411R7dW,54:04,537352,14664,1200
免免教你化妆——日系萌妹妆容,1451931763,BV1Ls411R7KF,18:09,1594811,68179,7268
王老菊教你攻城拔寨3,1451366482,BV1Ds41197Ds,27:08,920672,33602,2697
王老菊教你喜加一（01）,1451075619,BV1Rs41197s2,39:26,657382,8754,1366
王老菊教你被怪虐,1450520826,BV1ys41197AB,32:11,361190,6776,1079
王老菊教你击剑,1450345379,BV13s411o7BJ,32:50,534064,7985,1032
王老菊带你上蹿下跳,1450186803,BV1us411o7Pd,42:49,577648,12758,1597
王老菊教你地牢狗带,1448998624,BV1Rs411d7zT,56:24,486745,7737,1009
王老菊带你玩怪猎,1448694683,BV1zs411d7sX,43:24,514908,15415,1855
王老菊教你言出法随02（2P）,1448472770,BV11s411d785,114:29,372685,7963,783
王老菊教你当全职大师,1448426124,BV1Cs411d7r6,44:51,423760,4426,1318
老菊家的幸福食光Vol.01：冬枣滋补甜羹,1447431898,BV1ss411d7eJ,10:34,806378,35955,3465
王老菊带你玩虚荣EP2-我已经成长了,1447378779,BV1Ws411d7L4,43:50,255031,3668,534
【王老菊】像素地牢2游戏实况,1447136987,BV1gs411d7jJ,57:04,455445,8076,1249
【王老菊】The Room 3 抢鲜试玩,1446868806,BV1Vs411d7xG,225:04,790740,23946,2028
菊家村在火星的日常EP4完结,1446528294,BV1fs411R7ES,51:13,356190,8097,1068
王老菊带你玩虚荣,1446433046,BV1Ns411d7yj,30:47,441329,9237,1489
 菊家村在火星的日常EP3,1446183208,BV1ms41127G2,64:00,461945,15226,1237
菊家村在火星的日常EP2,1445762239,BV1Ss41127wp,46:51,529789,15222,1769
菊家村在火星的日常EP1,1445537260,BV1is41127Wn,55:13,909984,18071,1287
王老菊带你冲锋陷阵,1444895123,BV1Ys41127by,49:33,783756,13489,1622
王老菊带你疯狂派对02,1443519613,BV1os41117HH,59:35,648974,15648,2495
王老菊带你疯狂派对,1443247604,BV1ws41127r5,54:56,818846,16503,1627
王老菊《狂野星球》试玩,1443192303,BV1Fs41127kL,34:03,353634,7556,911
王老菊教你狗带,1443114833,BV1fs41117Bw,77:00,516527,10359,931
【直播录像】老年队的欢乐日常,1443003723,BV1ms41117Ri,130:39,587735,8793,644
王老菊带你遨游宇宙,1442768601,BV1Cs41117Cr,52:41,784470,24559,1614
王老菊教你放置PLAY,1442225547,BV1qs41117Mu,27:11,701804,13233,1812
王老菊教你造大桥again~,1441874178,BV16s41117aH,38:39,832940,26933,1631
【王老菊】《穿越之姻缘劫》柔情莽汉的千年虐恋（5P暂完）,1440485064,BV19s411m7KV,223:31,5330471,456771,23430
【王老菊】恐怖游戏Monstrum颜艺实况,1440124202,BV1is411m74W,49:37,632230,44290,1425
王老菊的无限工厂05：细节决定爆炸,1440045481,BV1vs411m7J1,74:00,225250,6032,1100
王老菊边打飞机边扯淡,1439743563,BV1bs411m7BZ,41:58,602751,13951,1783
王老菊的无限工厂04：回光返照,1438970361,BV1Ws411m7Xq,67:00,216073,6026,1047
王老菊的无限工厂03：苟延残喘,1438824126,BV1Js411m79N,71:00,292193,13116,922
王老菊的无限工厂02：依然够用,1438527782,BV1Ns411m78H,36:02,279047,9478,1073
王老菊的无限工厂01：目前智商很够用,1438271112,BV1gs411m7bz,33:58,837618,12550,1547
王老菊教你攻城拔寨2,1437602015,BV1bs411S7WT,50:02,1131668,45124,1503
《Bilibili-我是勇者》第一关：日月交织,1437106219,BV1Js411S7kX,28:15,824805,38971,1285
菊嫂带我玩天刀,1435650038,BV1ds411U7hu,58:37,791760,31287,1837
王老菊教你含笑半步癫,1435490090,BV1ws411S71v,32:54,909276,10682,1337
【LoL直播录像】王老菊教你动感打碟,1434493522,BV1is411U7SU,49:48,433573,10691,728
王老菊教你捏脸,1434440264,BV1qs411U7HB,45:39,911199,55749,2332
 王老菊教你当典狱长04：维稳专家,1434056862,BV16s411U7wm,57:00,1195456,17305,1309
老菊教你当典狱长03：有吃有穿还有活干,1433359756,BV1as411U74F,76:00,1432395,25936,1846
王老菊教你当典狱长02：充满生机与朝气,1432671822,BV1ps411U7i5,76:00,1968632,39751,2498
王老菊教你当典狱长01：初建爱巢,1432504315,BV1ns411U7P1,77:00,3112087,43577,4044
王老菊的血源之旅14：猎杀的终点（完结）,1432052668,BV12s411D7yj,36:28,564563,11537,1626
王老菊教你攻城拔寨,1431362947,BV1qs411D7q6,32:46,1500446,41228,2158
王老菊的血源之旅13：然而血质并没有什么卵用,1431277990,BV1is411D7Ni,47:12,453011,5187,763
王老菊的血源之旅12：被瞪到怀孕,1430843945,BV1rs411D7Xd,72:00,533376,12815,1049
王老菊的血源之旅11：我们向来尊敬老人,1429898162,BV1Js411D7NX,46:33,592934,13222,1857
王老菊的血源之旅10：宇宙大鱿鱼,1429434842,BV1Ws411D79x,76:00,652112,16392,1349
王老菊的血源之旅09：手撕转基因嫁接冒牌神,1429231740,BV1us411D7Ya,60:00,578727,11152,764
王老菊的血源之旅08：太阳骑士大战亚南FFF团,1428947916,BV1Ts411D77s,73:00,577078,14417,989
王老菊的血源之旅07：丛林中的太阳骑士,1428775048,BV15s411D7sa,48:19,472506,8907,591
王老菊的血源之旅06：太阳骑士大闹寡妇村,1428602744,BV1Gs411D7up,53:13,504786,7643,532
王老菊的血源之旅05：机枪哥是我们的好朋友,1428337371,BV1Fs411D7AM,51:14,598059,11389,937
王老菊的血源之旅04：太阳骑士绝不会再同一个地方倒下五次,1427878761,BV1As411D75F,75:00,895347,17650,1210
王老菊的血源之旅03：巨人王的穿越重重梦境送温暖,1427663656,BV1Ss411S7me,70:00,823965,14939,583
王老菊的血源之旅02：铁鸡腿大法好！,1427389711,BV11s411S7rQ,68:00,817638,17981,697
王老菊的血源之旅01：启程~太阳骑士的爆蛋之旅,1427335064,BV12s411S7Vt,80:00,1991232,34568,1765
王老菊教你当村长04：菊家村儿出了个煤老板,1427262113,BV1Rs411S7uG,62:00,348583,5727,613
王老菊教你当村长01-03,1427009558,BV1Xs411S7jc,203:46,1370896,33346,1779
王老菊教你地狱级撕逼,1426070578,BV1rs411S7cX,57:53,670397,12442,890
王老菊教你左右互博,1425507148,BV1fx411A7YA,56:08,302933,7392,509
 王老菊教你电子脉冲,1425023986,BV1kx411A79z,52:09,331262,10261,758
 王老菊的远行星号传奇04：无敌最寂寞,1424705950,BV1mx411A727,63:30,279404,5700,1140
 王老菊的远行星号传说03：大就是强！多就是猛！,1424615757,BV12x411A79A,80:33,308179,6324,628
 王老菊的远行星号传说02：乡亲们我来晚啦！,1424531352,BV1vx411A7Qc,95:16,210481,6751,662
 王老菊的远行星号传说01：行侠仗义的宇宙绿箭侠,1424501491,BV1ex411A7cr,75:39,414345,6480,718
【老菊玩以撒】第一次买噶傻蛋,1423993643,BV1Bx411A7pN,59:08,302061,5149,337
【王老菊】StarSector游戏推荐,1423628914,BV1Hx411A7pj,61:05,462378,7113,1141
王老菊教你造大桥,1423446315,BV1bx411A749,58:01,449375,12346,505
王老菊带你末日拾荒07：旅途的终点,1423445845,BV1bx411A7bp,89:11,284940,7013,608
【王老菊】妈个鸡哎呀的传说（TOME4）游戏推荐,1422864143,BV13x411A7Qc,64:48,279705,4397,838
王老菊带你末日拾荒06：谁敢直视我锐利的眼神,1422863788,BV13x411A7DW,73:06,401859,10797,1243
王老菊带你末日拾荒05：贫民窟的正义死神！,1422721435,BV1nx411A7i2,76:06,373352,10521,618
王老菊带你末日拾荒04：大城市来了个年轻人,1422589145,BV17x411A7Zh,74:55,440766,7539,561
【王老菊的黑魂之旅29】太阳骑士的内心生出一丝绝望,1422588995,BV17x411A7o6,61:04,225818,3937,510
王老菊带你末日拾荒03（上、下）：历史总是惊人的相似,1422420026,BV1Nx411A7TK,89:33,545173,9075,554
王老菊带你海岛求生,1422419249,BV1Nx411A7TR,77:11,382645,10574,395
【王老菊的黑魂之旅28】随便扯蛋,1422365507,BV1Nx411A7D2,63:50,174134,3523,336
【老菊玩以撒】傻人的运气总是不错,1422252399,BV1Px411A7s1,96:13,141775,2894,235
王老菊带你末日拾荒02：重新做人面对这残暴的世界,1422230092,BV1Px411A7mf,72:01,484395,10872,664
王老菊带你末日拾荒01：今天的晚饭是肉,1422176097,BV1Ax411A7Kt,70:19,1478196,16078,1320
【老菊玩以撒】拿到了D6好开心,1422045731,BV1wx411A7Tp,75:45,176607,5964,456
王老菊教你当太空工程师10,1421724861,BV1Mx411A7ET,59:48,271047,4600,553
王老菊教你狂搓火球,1421559312,BV1Tx411A7MS,49:34,330415,4384,546
王老菊教你当太空工程师09,1421547286,BV1Rx411w78V,44:31,239657,4838,381
王老菊教你当太空工程师08,1421302975,BV1Xx411w77H,53:16,242775,5265,795
王老菊教你当太空工程师07,1421199534,BV1Dx411w76T,56:04,189399,7420,326
【王老菊的黑魂之旅27】人民的好朋友马先生,1421141447,BV1Qx411w7p6,56:55,243143,3262,238
王老菊教你当太空工程师06,1421016538,BV1cx411A7wu,38:28,153863,2890,367
王老菊教你当太空工程师05,1420960514,BV1fx411w7NT,61:17,159728,4823,260
王老菊教你当太空工程师04,1420870071,BV1ox411w79T,74:11,195902,5392,327
【王老菊的黑魂之旅26】热情似火高贵冷艳的太阳骑士,1420769056,BV1Zx411w7z9,53:19,216603,2809,242
王老菊教你当太空工程师03,1420768608,BV1Zx411w7rH,61:29,200769,5762,245
王老菊教你当太空工程师02,1420601040,BV1yx411w7a6,69:04,264228,6743,351
【王老菊的黑魂之旅25】太阳骑士玩COS太难看被暴打,1420600881,BV1yx411w7ec,47:20,152018,2372,175
王老菊教你当太空工程师01,1420421440,BV1yx411w7g4,54:49,627808,8826,680
【王老菊的黑魂之旅24】大哥在天之灵见证史上最强鸡腿侠诞生,1419936759,BV1Sx411w7Gc,53:30,190479,3668,238
【王老菊的黑魂之旅23】胭脂骑士和铁之古王之间不能不说的故事,1419756728,BV11x411w7Uf,54:24,200441,3145,235
【王老菊的黑魂之旅22】双枪老骑士尽显风采,1419611454,BV1jx411N7hH,56:05,165611,2807,262
【王老菊的黑魂之旅21】太阳骑士有奇志，不爱单挑爱群交,1419581505,BV1jx411N76r,56:10,158331,3330,149
【王老菊的黑魂之旅20】洋葱骑士怒秀刀法被暴打,1419147834,BV1nx411N7CZ,70:34,127475,2633,461
【王老菊的黑魂之旅19】太阳骑士最擅长使用按摩棒,1418876341,BV1Ex411N7bX,58:29,170593,2950,241
【王老菊的黑魂之旅18】满地图乱窜的太阳骑士,1418785980,BV1Jx411N7Fq,104:22,185632,4600,438
【王老菊的黑魂之旅17】我们太阳骑士就是这么任性,1417939423,BV1ux411N7zE,57:58,224889,3791,270
【王老菊的黑魂之旅16】屠龙勇士巨剑侠深陷回忆为哪般,1417281614,BV19x411P7eT,79:39,185992,4854,270
【王老菊的黑魂之旅15】大棒向不死人头上砸去,1417148795,BV1Xx411P7eA,71:23,190287,3561,170
【王老菊的黑魂之旅14】苦不堪言的巨剑侠,1416880198,BV1Fx411N7QU,69:04,218355,4291,276
【王老菊的黑魂之旅13】吾名鸡腿侠，一曲忠诚的赞歌！,1416381315,BV1Cx411P7DQ,84:03,241355,5080,328
【王老菊的黑魂之旅12】珊第神教中出了一个叛徒,1416187176,BV1kx411P7rH,84:36,207789,4522,212
【老菊玩以撒】疯狂人型自走炮！,1416088709,BV1Qx411P7JK,46:38,188799,2901,216
【王老菊的黑魂之旅11】彩笔珊第枪,1415845578,BV12x411P7ko,65:34,192163,3504,229
【王老菊的黑魂之旅10】熔铁火锅城的服务员态度真差,1415590271,BV1ix411P7BR,63:58,194924,3736,207
【王老菊的黑魂之旅09】巨剑神教出了一个叛徒,1415472673,BV1vx411P7xD,77:06,222062,4963,234
【王老菊的黑魂之旅08】前方有毒的预感，另外 太阳万岁！,1415150116,BV1rx411P75w,79:54,275735,4950,247
王老菊试玩《堕落之王》实况——这BOSS真特喵的硬,1414815229,BV1qx411P76M,81:26,228154,3413,357
【王老菊的黑魂之旅06&07】周末合集,1414718215,BV1xx411P772,117:47,260901,6985,290
【王老菊的黑魂之旅05】巨剑神教有力量,1414460568,BV1px411P7fz,68:09,293899,4702,286
【王老菊的黑魂之旅04】鸡腿教中出了一个叛徒,1413948426,BV1bx411P7hK,61:01,292397,4920,342
【王老菊的黑魂之旅03】现在和龙有关的枪兵都好菜,1413817981,BV14x411P7Qv,50:11,309841,4208,290
【王老菊的黑魂之旅02】呆萌粥缚者,1413695639,BV1jx411P7pa,77:37,512068,7169,465
【王老菊的黑魂之旅01】绿袍妹妹是绿色的,1413651257,BV15x411P73Z,39:07,752968,12800,1101
王老菊教你飞檐走壁,1412427880,BV1wx411P7Qu,45:26,192691,2185,307
王老菊教你荒野求生,1412170849,BV1ux411P7Ae,48:43,364984,8129,549
王老菊带你大战僵尸,1409150613,BV1Tx411K7TC,44:29,454997,10597,709
 爱♂你,1406853239,BV1rx411N7dM,03:39,1189069,9263,3194
王老菊带你征战异星,1405773004,BV1Zx411T7xu,56:37,368415,8488,1026
王老菊教你玩萝莉,1404435521,BV1Qx411T7sW,37:32,245381,6831,331
王老菊带你突破天际,1404435305,BV1Qx411T7st,30:11,1016200,58250,1004
 王老菊的【看萌狗】唠逼实况（正经字幕）,1402303151,BV18x411T7bA,63:17,189033,7962,374
 王老菊教你大舌头英语,1402198551,BV1bx411T7H4,52:17,218483,5990,348
 王老菊教你【海岛大亨5】最高难度沙盒,1402074460,BV17x411T7Vj,54:28,416127,5654,668
【Factorio】王老菊的异星工厂第三期 - 石油与太阳能,1396614164,BV1hs411Z7D3,52:13,165397,2461,819
【Factorio】王老菊异星工厂第二期 - 自动化研究,1396613760,BV1hs411Z7Qp,38:28,148307,1713,224
【Factorio】王老菊的异星工厂第一期,1396189688,BV1bs411Z7BU,42:53,525683,7431,915
Candy Crush的正确玩法,1395917535,BV1Bs411Z7Lh,01:52,133020,925,385
王老菊教你当巫毒法师,1390668508,BV1Ks411Z7b3,44:21,239853,8965,827
王老菊带你雨中冒险,1387514170,BV1rs411o7b5,65:50,515574,5635,1123
【王老菊】星际边境starbound实况 第二期,1387513524,BV1rs411o78x,62:07,110317,3400,162
【王老菊】星际边境starbound实况 第一期,1386919405,BV1zs411o7PD,63:55,165297,4408,183
【王老菊】星际边境starbound实况 第零期,1386719897,BV1ms411o7sh,46:42,333832,5236,425
王老菊带你晕3D地牢,1386033412,BV11s411o7VT,55:58,268627,5442,380
【王老菊】-黑暗之魂-意识模糊向试玩,1384909514,BV18s411o76c,44:13,767749,22642,1923
王老菊带你勇闯地牢,1383281079,BV1ps411o7Eh,56:49,427332,12037,701
【细胞分裂6：黑名单】教你如何用④分钟赚37万美元,1378607062,BV1Cs411f7e9,05:10,119040,621,165
【国服低分路人王老菊】特别篇,1377225430,BV12s411f7W3,28:59,287031,13229,409
【王老菊实况】蜡笔物理学,1376797093,BV1as411f7Jd,41:00,146135,7682,292
王老菊这是我今天的膝盖请收下,1375724387,BV1vs411f7LZ,01:38,355591,2898,1120
王老菊带你横扫千军,1375330002,BV1ps411f77A,48:49,501633,15806,728
王老菊教你录视频,1375204669,BV1ns411f7Es,45:48,276662,6639,695
宇航员：哥的一生，是和火箭设计师斗争的一生！（2014.7.25更新3P）,1374778467,BV1bs411f7tx,11:52,559404,10790,673
王老菊教你征服宇宙,1374450878,BV1xs411f7yQ,51:26,1351733,80868,1843
【王老菊】真心爱人===香醇经典，用温暖的声音滋润你的心,1374397539,BV14s411f7PF,05:14,338212,6849,1914
【王老菊实况】CUBE WORLD 04,1373758476,BV1Gs411f7pb,24:48,97557,2360,240
【王老菊实况】CUBE WORLD 03,1373411529,BV1us411f7CV,37:07,85946,3137,190
【王老菊实况】CUBE WORLD 02,1373326443,BV1gs411f78a,33:13,100001,3970,177
【王老菊实况】CUBE WORLD 01,1373263885,BV1Es411f7Fj,36:04,315121,8760,632
【国服低分路人王老菊】第五期,1372494341,BV1Ls411f7nc,44:11,253417,15873,419
《造物主》REUS游戏推荐,1369023221,BV1Zs411Z7zh,37:18,156142,3533,300
【国服低分路人王老菊】第四期,1367508132,BV1Cs411Z7ee,34:08,240817,8788,274
【国服低分路人王老菊】第三期,1366050980,BV1Us411Z7By,31:17,232149,6236,288
王老菊教你被剧情杀,1360469586,BV1Mx411c7ow,22:31,672315,11903,881
[王老菊]这是一款治愈人心的游戏（正片2分40秒）,1359246804,BV1Xx411F7dB,17:43,564718,5923,3145
