mid,sex,vip
301102841,男,0
14751040,女,1
18943114,保密,1
455711090,男,0
26996968,保密,0
814133,男,1
396071811,男,1
351986419,保密,1
49999303,女,0
321370841,男,0
674648810,女,0
406871371,女,1
282825934,男,1
13685338,男,1
182499803,保密,1
113622932,男,1
435222910,保密,0
28502125,保密,1
283800910,男,1
512278325,保密,0
398455076,保密,0
760048,女,1
395664075,男,0
17753455,女,1
492842741,男,1
399497375,女,0
22465240,保密,1
411174800,女,0
488137624,男,0
32708543,保密,1
512143259,女,0
929896,男,0
289912282,男,0
85773430,男,0
25266375,男,1
26851805,保密,0
1038982916,保密,0
362710732,保密,0
14490331,女,0
627281135,保密,0
57384580,女,0
1108287037,保密,0
521220199,保密,0
11399495,女,1
660346326,保密,1
22942209,男,0
65480973,男,1
404415670,男,1
314163801,女,0
171724826,男,1
648800088,男,0
446037814,男,1
397229375,保密,1
245843503,保密,1
159190809,保密,1
153917551,保密,1
481940350,女,0
421668505,男,0
22508246,男,1
493872437,男,1
352479603,男,1
179400905,男,1
356302077,男,1
36102419,保密,0
457450302,男,0
8977218,男,1
259034415,保密,0
23206722,女,1
10490663,保密,1
455453981,保密,0
1919873466,保密,0
3461931,男,1
179211261,男,1
5986670,保密,1
32305609,男,1
46360041,保密,1
6086519,保密,1
2038183522,保密,0
645891412,保密,0
282526039,女,1
480977089,保密,0
475408527,女,0
511373740,男,0
4247267,男,0
32934042,男,0
282878976,男,0
86407855,保密,0
291406638,男,1
500204937,男,1
34301436,保密,1
502032823,保密,0
1984721,男,1
199410469,男,1
1901391132,保密,0
477794394,保密,0
527156907,男,0
2000154241,女,0
74113466,男,1
11165870,男,1
43762396,保密,1
88736173,男,1
479863507,男,0
283697660,女,1
411156712,男,1
393527616,保密,0
2116066355,男,0
507578888,保密,1
389365240,男,1
221452780,保密,1
179032374,保密,1
180816622,保密,1
1368029394,保密,0
22465240,保密,1
630702664,保密,1
475621734,女,0
565743886,男,0
677073060,保密,0
25816459,男,1
255653412,男,0
15516825,男,1
34406218,男,1
1286593989,男,0
504727474,女,0
496863768,保密,0
434222740,男,0
438392980,男,1
288245296,保密,0
20793037,保密,1
3110722,男,1
518056130,男,1
253128255,保密,1
693069106,女,0
690022056,保密,0
323835774,男,0
157373582,女,0
44499943,男,1
123704798,保密,0
184613434,女,0
510107444,保密,1
24218712,男,1
436757649,保密,0
21782658,保密,1
1237650354,保密,0
259318443,保密,1
23936901,女,1
490563842,保密,0
382126508,男,0
512796561,男,1
609672820,保密,1
375603937,女,0
332914483,男,0
2074712,保密,1
343308193,保密,1
2040075533,男,0
506001820,男,0
24325951,男,1
399497375,女,0
39670372,男,1
290913043,保密,0
32194844,男,1
323735117,女,0
485441268,保密,1
2025202400,女,0
182499803,保密,1
2911831,男,1
560451519,女,0
404214508,男,1
491164714,保密,1
159637404,男,0
591795492,男,0
37077562,保密,1
521558453,保密,0
399945094,保密,0
287408876,保密,1
66945896,男,0
43419730,男,1
237765914,男,1
202637,保密,1
35672519,男,0
388527251,保密,1
372703252,男,0
199790693,保密,0
399595513,女,1
400529170,保密,1
477912874,保密,0
6500411,保密,1
615969881,女,0
344314199,男,1
22442752,保密,1
1704662514,女,0
507247005,男,0
399450417,女,1
571968401,男,0
444960681,女,0
76646048,男,1
402744123,女,1
630693242,保密,1
442612059,保密,0
2521355,男,1
1224212155,保密,0
135193645,男,1
8974388,男,1
449262853,男,0
45460377,保密,1
456060408,男,0
457226236,保密,0
266283616,男,0
20819784,保密,1
493896042,男,0
272070934,男,1
1482324,女,1
439725256,男,0
439300344,女,0
35253963,男,1
1705219482,男,1
25592616,男,1
111239812,男,0
1935475657,保密,0
1450547115,保密,0
30584469,男,1
398296310,保密,0
442399793,保密,0
40899732,男,1
49796798,男,0
522102648,女,0
389982093,保密,0
449285368,男,0
13283227,男,1
1495520565,男,0
412923289,保密,0
82517264,保密,0
452297622,保密,0
22776536,男,1
415252712,女,0
288230782,男,1
229493515,保密,0
350954098,男,1
350845058,女,1
541800334,男,0
544510193,保密,0
241831011,男,0
1378142723,保密,1
1717636060,保密,0
45335419,保密,1
160208564,保密,0
29287070,男,1
295272028,保密,0
1221233106,保密,0
2073578071,保密,0
62970371,男,1
79115808,保密,1
348642331,男,1
107647971,保密,1
289911744,保密,0
38889389,保密,1
518983208,保密,0
506422247,保密,1
471599625,男,0
325128354,男,1
95745693,男,1
356159259,保密,1
297472514,男,0
349451847,男,0
295189537,保密,0
442166741,男,1
17756968,女,1
629193680,保密,1
25514438,男,1
1773559344,女,1
42876748,女,0
1062152512,男,0
519943870,男,1
280690942,保密,1
1781991,保密,1
23702120,保密,1
527173449,保密,0
373190536,保密,1
19731438,男,1
101087857,保密,0
501691285,男,0
320794270,保密,1
1176308631,保密,0
23481473,女,1
398591507,保密,0
403225785,保密,0
385549584,保密,1
14324530,保密,0
358931983,保密,0
354522666,保密,1
302509821,男,0
77040439,保密,0
1912435182,保密,0
514615509,保密,0
350736646,男,0
209661169,保密,1
33543286,保密,0
438484948,男,1
51276276,男,1
67912592,女,0
22860857,男,1
500529533,女,1
40185046,保密,0
431320049,女,0
411400732,保密,0
302509821,男,0
420360268,保密,1
22238340,男,1
572201484,保密,0
526540691,男,0
388234763,男,0
137590434,保密,0
347673200,保密,0
524975895,保密,0
488694735,男,1
1087168314,保密,0
74332634,女,0
65962224,女,0
1018261952,保密,0
7298257,男,0
59499105,女,1
439114770,男,1
394732769,男,0
14369579,男,1
38150341,男,1
496754651,保密,0
438096555,保密,1
535206316,保密,0
4338592,女,0
315392209,女,0
435257447,保密,0
1425635,女,1
26146080,女,1
389867799,保密,1
508216765,女,0
179954825,保密,0
290508360,男,1
34712341,男,1
204742315,男,1
431052076,保密,1
506977768,男,0
29166559,保密,0
379006528,保密,0
516576042,男,1
22925799,保密,1
13587008,保密,1
21973396,男,1
171757772,男,1
34467702,保密,1
323618938,女,0
288165149,保密,0
397791910,保密,1
409645059,男,1
393774138,保密,1
299912379,保密,1
495404644,男,1
442460268,女,0
591606722,女,0
497859285,女,0
20136228,保密,1
333835,男,1
273377107,保密,0
7131751,男,0
348869471,男,1
1850844400,女,0
267980253,保密,1
19474169,保密,0
255563733,保密,0
249660987,女,1
243884234,男,1
32091370,男,1
452968949,女,1
1445887862,男,0
115464968,保密,0
229743567,保密,1
249217253,保密,0
349202680,男,0
115472908,男,0
1479303958,保密,0
29148125,男,1
38101212,保密,1
696103152,保密,0
434653817,男,0
115472908,男,0
481848225,女,1
351201304,男,1
281222492,男,1
178947053,男,0
400963580,男,0
177262806,保密,1
408770796,男,0
171825159,保密,1
289531239,男,1
20225253,男,1
390952962,保密,0
578714457,保密,0
1564645292,女,1
126110829,女,1
355079648,女,0
38739483,男,1
495814974,保密,1
434582779,保密,0
562587235,男,1
455560877,保密,0
32960876,男,0
471100382,女,0
694608987,保密,0
1847317,男,1
158322672,保密,0
43913250,男,1
493721981,保密,0
424705490,保密,0
429812258,保密,1
79955881,保密,1
1060899445,男,0
1719228,保密,1
482126742,保密,0
1911471679,保密,0
569127852,男,1
1522886,保密,1
385962224,保密,0
93724435,保密,1
157274085,保密,1
415358279,保密,1
11063064,男,1
1555552937,保密,0
644174838,男,0
504622918,保密,1
397024877,男,0
1117424823,保密,0
526507724,保密,0
39937708,男,0
647966259,保密,0
35020553,男,0
677074649,女,0
12025624,保密,1
95804374,男,1
53261356,男,1
411174800,女,0
452525055,保密,0
425646394,保密,0
510056969,男,1
344451345,保密,1
29428247,男,0
35733336,男,1
430242754,保密,1
288591698,保密,1
109477647,男,1
12350398,男,1
455711090,男,0
1246282319,男,0
24342481,保密,0
89292380,女,1
67082206,女,0
34487254,男,0
388237402,女,1
1158588796,女,0
2069395424,保密,1
237718269,男,1
321471182,保密,1
397472905,男,1
394717553,女,1
1963756,男,1
102557280,保密,1
412933817,保密,0
522621050,女,1
379248155,男,0
32885373,女,1
1698626067,男,1
216701904,保密,0
2309842,男,0
38336298,保密,0
39643563,男,1
61211912,男,1
296734035,男,0
521329129,保密,0
84231237,女,0
1174435753,保密,0
484944136,男,0
357428794,保密,0
523349717,保密,0
106628615,保密,1
29217429,保密,1
522691103,保密,0
26086600,男,1
109488977,男,0
297265415,女,1
345983043,女,1
333549494,男,1
436757649,保密,0
152811355,女,0
700808890,男,1
507443294,保密,1
400532308,男,0
291202439,男,0
3789745,男,1
501408188,男,0
93869939,女,1
15058538,男,1
393692164,男,0
539561028,保密,1
50680763,男,1
33420376,女,1
524562042,保密,0
349768085,保密,1
321173075,男,1
1054571952,保密,1
400483505,女,0
281647952,保密,1
34864462,保密,1
525872898,男,0
434246402,男,0
511158026,保密,0
1915087743,女,1
1016018327,男,0
398065544,保密,0
501564386,保密,0
14870744,保密,1
24529195,女,1
3206325,男,0
2040654829,保密,0
106338202,保密,1
415166320,保密,0
1657318490,女,0
269031807,男,1
351530199,保密,1
178025074,保密,1
1428196443,女,0
76067036,男,1
131747929,女,1
363776431,男,0
528811112,女,1
501007265,女,0
399863770,保密,0
434101114,男,1
1915087743,女,1
473762856,男,1
451778557,保密,1
198270933,女,1
503062756,女,1
94893027,女,0
353045522,男,1
531645615,女,0
110174023,保密,0
22292172,男,1
104229677,男,1
358019551,保密,1
14325867,保密,0
222146976,男,1
1447257274,保密,1
411516808,女,0
19813150,男,1
695018629,保密,0
348659494,男,0
525872898,男,0
222845545,保密,0
172830134,女,0
495264041,女,0
349863299,保密,1
496090074,保密,1
1903489094,保密,0
430431177,男,0
12355462,男,0
21467249,保密,1
512326219,女,0
297995503,保密,1
258849391,男,0
1154667181,保密,1
27669045,保密,1
504516790,保密,1
667636327,男,0
11645695,男,1
59499105,女,1
476949091,保密,0
11896595,保密,1
397444073,保密,0
398591507,保密,0
1409451373,男,0
669928467,保密,0
324940743,保密,1
349919637,保密,0
672879445,保密,0
354522666,保密,1
284148772,保密,1
631537495,女,0
272797581,女,0
64667613,男,0
646637175,保密,0
401082212,男,1
1946174659,保密,1
503604644,男,0
38760612,男,0
514323400,保密,0
43656353,女,1
1698626067,男,1
291878434,保密,1
539499625,男,0
526817045,保密,0
20631494,保密,0
441405625,保密,0
551155046,保密,0
1778167527,保密,0
23013747,男,0
515608939,男,0
88879833,男,0
1288755720,保密,0
3151803,男,1
99448482,男,1
589142591,男,0
14870744,保密,1
1966183679,保密,0
17785824,保密,0
510315085,男,0
669656049,保密,0
407791055,女,0
225342864,保密,0
384673585,男,1
667636327,男,0
431269725,女,1
702131115,女,0
701598159,男,0
457721527,男,0
649898118,保密,0
1901391132,保密,0
526826810,男,0
9321572,保密,1
249648129,保密,0
652285430,保密,0
497722343,男,0
433864225,女,0
31887721,保密,1
408231157,女,0
1992514,男,1
362551158,男,0
259905482,男,0
456135744,保密,0
170201674,女,1
349540397,女,0
376258422,男,0
288737778,男,0
342158352,男,1
273910340,保密,0
440849401,男,0
385026206,保密,0
213950763,保密,1
454941603,男,0
513302182,男,0
344595541,男,1
2903497,男,1
1352045029,保密,1
381963868,保密,0
452242650,保密,0
7136176,保密,1
473762856,男,1
403354902,男,0
88184822,男,0
493628391,保密,0
299709061,保密,0
1393503028,保密,0
367471253,保密,0
616593125,女,0
66997235,保密,1
302628671,男,0
475063746,保密,1
362818052,保密,1
38502085,保密,1
622004485,保密,1
442222364,保密,0
1633591849,女,1
393124894,保密,1
1160276368,保密,0
411082344,保密,1
54774255,男,1
350997808,男,0
32739908,女,1
524255741,男,1
695611784,保密,0
22442752,保密,1
2031712963,男,0
630657742,保密,1
16869521,男,1
1521839966,保密,0
151436542,女,1
19775344,男,0
497135105,保密,0
454966349,男,0
432107008,男,1
84212473,男,1
385110391,女,0
330916705,女,1
35583185,女,0
350337315,保密,0
89327689,保密,0
385749832,保密,1
484810121,女,0
262123369,男,1
388142369,女,0
43308237,保密,0
386495987,男,1
473251404,女,0
629050083,保密,1
697704901,保密,1
426280027,女,1
296420210,保密,0
387241840,保密,1
142708418,保密,0
86511609,男,1
1946174659,保密,1
233491761,保密,1
647224952,保密,1
404731659,男,0
402422136,男,0
1609822803,保密,1
65095863,保密,1
317011541,男,1
287449626,保密,0
230139814,女,0
19337748,男,1
481168610,男,0
1961677647,男,0
11702987,女,1
2087270054,保密,0
361844603,保密,1
89833254,男,1
394927941,保密,1
348678449,保密,0
19332254,保密,1
470209213,女,1
312717128,男,0
381951844,保密,0
172264852,男,1
506176831,男,1
1122604724,保密,0
2136603047,保密,0
413371049,保密,1
319652719,保密,0
430500935,保密,1
402922392,女,0
500667523,女,0
319204476,保密,0
319204476,保密,0
69933538,女,1
450251195,男,1
634121867,保密,0
92602372,男,0
513777225,保密,1
483561070,保密,0
323436349,男,1
402103023,女,0
434255939,保密,0
516609810,女,0
446798,保密,1
595235494,保密,1
495931455,女,1
522558614,保密,1
1516706913,保密,0
30418770,女,1
441756538,保密,0
381553735,保密,1
29545314,男,0
351325898,保密,1
501002369,保密,1
513313973,保密,0
285865516,保密,1
412622350,保密,1
435406506,男,0
35407715,男,1
489691942,女,0
106878046,保密,0
87070223,保密,1
394072212,保密,0
543408607,女,0
506267353,男,0
24996542,保密,1
6490426,保密,1
652330861,男,1
12883638,保密,1
578176876,保密,0
305661834,女,0
211431928,保密,0
189196458,保密,1
327878282,女,1
277403833,保密,1
402352153,女,0
100378895,女,0
86435278,男,1
94724008,保密,0
451088523,保密,0
543765123,保密,0
351964908,男,1
699943014,女,0
39622996,男,1
399409704,保密,0
40217242,保密,0
521593609,保密,0
279233369,保密,1
26395625,男,1
348606142,男,0
1929538969,保密,0
344491150,男,0
388168588,保密,0
844093,男,1
29405113,保密,1
35373949,男,1
277655139,保密,0
47738894,男,1
588544639,保密,0
111184544,女,1
19297329,保密,0
435062403,保密,0
36011493,男,1
20604857,男,1
83805505,女,0
147028228,女,1
441938301,保密,0
475244413,保密,0
472426558,女,0
397165688,男,0
20209568,女,1
106377250,保密,1
106377250,保密,1
515066139,女,1
59900199,保密,1
356394977,女,0
66040426,保密,1
50178521,男,1
77506293,男,1
674090433,保密,0
21221588,男,1
396832028,保密,1
39104119,保密,1
363273231,保密,0
44894541,男,1
480033798,男,0
33241884,保密,1
334601078,保密,1
21434060,男,0
702080952,男,0
442534164,女,0
86226118,女,1
499150539,保密,1
498260892,女,1
9212164,保密,0
389982093,保密,0
346630655,女,0
497456739,保密,0
478177233,男,1
487165681,女,0
315611920,男,1
106798838,保密,1
482218447,保密,0
353553928,保密,0
300617440,男,1
18885175,保密,1
402383252,保密,1
9161339,男,0
411351037,男,1
572412643,男,0
335991635,男,0
9965854,女,1
9965854,女,1
24452163,保密,1
22802610,保密,0
424425417,保密,0
51140934,女,0
470722072,女,0
661407167,女,0
2098806525,男,0
11637020,女,0
2162799,男,1
8579282,保密,1
1605808344,保密,0
65577529,保密,0
94889760,女,1
215291215,男,0
34479455,保密,1
351087793,保密,1
375483341,保密,0
301102841,男,0
85302582,女,1
12927408,男,1
316303988,女,1
14340298,男,1
76480578,保密,1
508171131,男,0
175144189,女,1
66953629,保密,1
1005741853,男,0
400691046,保密,1
183483992,男,1
478896413,保密,0
1846238085,保密,0
272293804,男,0
88790703,男,0
449349207,男,1
73839772,男,0
100587395,保密,1
494978642,女,0
98611957,男,0
383313800,保密,0
519281663,男,1
480053369,男,1
1124805173,保密,0
662721148,男,0
165537599,女,0
323667356,保密,0
41891683,男,1
97204472,保密,1
35189042,女,0
43189526,保密,1
190823923,男,0
7302383,保密,1
107010011,保密,0
1668516149,保密,1
1367908350,男,0
503889674,男,1
336778007,男,0
1724133847,保密,0
174550958,保密,1
5274112,男,0
470817637,女,0
5274112,男,0
494518862,保密,1
650568881,保密,0
4412290,保密,1
471996055,男,0
442517746,保密,0
179691849,保密,0
349537402,保密,1
519872945,男,1
282513053,保密,0
489160706,男,0
553951,男,1
1320081465,保密,1
496716139,男,0
1559587766,保密,0
363919979,保密,1
102530783,男,1
395356846,保密,1
87386899,男,0
539070626,保密,0
508718469,保密,1
1862161212,男,0
178806567,保密,1
1627806789,男,1
56846749,保密,0
1238318872,男,1
23150534,保密,0
279398259,保密,0
473133156,男,0
399788344,保密,1
399864873,保密,1
387419553,男,0
31782686,女,1
400977690,保密,0
543847151,男,0
627831407,女,0
13006413,男,1
2703475,男,0
375356826,男,0
34027631,保密,1
473678343,保密,1
50928696,女,0
1985175402,保密,0
94049493,男,1
396396437,保密,0
470817637,女,0
22872728,男,1
353003869,男,1
24341332,男,0
283371599,保密,0
283790822,男,1
323684006,女,1
288601718,保密,0
436354385,男,1
1628109058,保密,0
596958602,保密,0
604215730,保密,0
22135138,保密,1
400154694,女,1
148272647,男,1
590843312,保密,0
38036854,男,1
12815076,保密,0
6292758,保密,1
515822516,男,0
4297963,保密,1
2146796746,保密,0
5375229,男,1
7071237,保密,0
353395748,女,0
372254078,男,1
11615545,男,0
80010051,男,0
254121643,保密,1
492656421,男,0
44983617,男,1
33998553,男,0
89854573,保密,1
1698626067,男,1
544120546,保密,0
1930574498,男,0
44509245,保密,1
495373735,保密,0
1498859287,女,0
2102499761,保密,0
291421865,保密,0
472501,保密,1
1238664542,男,1
1846900254,男,0
411236199,男,0
514496686,保密,0
275535199,保密,1
628803331,保密,1
1848548253,保密,0
252965297,女,1
8283381,女,1
176912387,保密,1
760882,保密,1
350184592,保密,0
326236477,男,1
13540513,男,0
76742337,女,1
453437782,男,1
244881716,保密,0
523349717,保密,0
14231776,保密,0
182496587,女,1
545958154,女,0
1201364652,女,0
637454258,保密,0
178523963,保密,1
17470164,保密,1
398622452,男,0
357102003,男,1
172844766,女,0
1480381,女,1
295224416,男,1
1174178153,保密,0
5276262,男,1
354896189,男,0
396417590,女,0
635951597,保密,0
280083751,男,0
1426732275,女,0
471109482,保密,0
173853322,男,1
473762856,男,1
474009067,男,0
280624824,男,1
43713692,男,1
403418036,男,0
22524668,男,1
576526423,女,0
349475192,女,0
65184108,男,1
496701456,女,0
27613365,保密,1
274589205,男,1
499502595,女,0
699643053,保密,0
85321152,保密,0
358068639,保密,1
99450457,保密,1
472796206,男,1
1595857265,保密,1
649786079,男,0
412622350,保密,1
416276850,保密,0
35035243,男,1
1669999125,男,0
22520398,女,1
355630454,女,0
701675974,男,0
490902941,保密,0
490737296,男,0
1060899445,男,0
350815755,保密,0
398591507,保密,0
26162220,保密,1
271231770,女,0
650926904,男,0
35604939,女,0
160898966,女,1
58981013,保密,1
476314238,男,0
1406231630,保密,0
11098550,男,1
1780988307,保密,0
441479287,男,0
501744230,男,1
1730932883,女,0
424122415,男,1
390279380,女,0
696799608,保密,1
170201674,女,1
3438202,保密,1
1862599087,保密,0
282994212,男,0
348858218,男,1
414688203,保密,1
43742076,保密,1
646194203,女,0
2049572681,保密,1
22760721,女,0
383848330,男,1
341135453,保密,0
22520398,女,1
485834338,男,1
473762856,男,1
1935137074,保密,0
448019802,女,0
436578806,男,1
448756382,女,0
1018311752,女,0
183790112,保密,1
280624824,男,1
40153761,保密,1
34372367,男,1
521253515,男,0
34883705,男,1
171513634,男,1
30820724,保密,0
439959796,保密,1
413371049,保密,1
259395756,保密,1
441978386,男,0
49394099,男,1
1141278332,保密,1
25901694,男,1
170117083,保密,0
1580533604,保密,0
88693590,保密,1
3116683,男,1
1086486303,女,0
693240750,女,0
441109572,女,0
338340909,男,1
179317182,男,0
178114169,保密,1
503878890,保密,0
335438717,男,1
441444899,保密,1
11521962,男,1
1559126,男,1
91455877,保密,1
438670420,保密,1
2186579,保密,1
30445765,保密,1
412933817,保密,0
3589312,男,0
394963299,男,0
668299159,男,1
294070042,保密,0
381271234,男,0
504704187,男,0
2025202400,女,0
356626628,男,0
2185997,男,1
1379591283,保密,0
314834,男,1
149278990,女,0
1053198975,保密,0
19838508,保密,0
383726122,保密,1
226304764,保密,1
291572831,保密,1
689812015,保密,1
259874966,保密,0
28577116,女,1
631041617,男,1
285832397,男,1
32353102,男,1
2014786290,男,0
474235070,保密,1
28122934,男,1
2136603047,保密,0
405260067,男,0
306213450,男,0
514984747,保密,0
306213450,男,0
514984747,保密,0
627167929,女,1
457631198,保密,1
407286230,保密,0
1651642458,保密,0
33104479,保密,1
378986834,女,0
1559968870,男,1
67910508,保密,1
159055660,保密,1
487327385,女,1
31350915,女,1
36739632,保密,0
508682603,女,0
547945313,男,1
37625327,保密,0
501351320,保密,0
165862374,保密,1
498567910,保密,1
1271552562,保密,0
35035243,男,1
277655139,保密,0
20180508,男,1
1316391940,男,0
520549820,保密,0
385988643,男,0
354739124,保密,0
13439382,男,1
238128676,保密,1
238249580,保密,0
14648966,男,1
276296671,男,1
483561070,保密,0
169262886,女,1
511907605,保密,0
34310481,保密,1
301840104,男,1
160080754,男,1
286413941,女,1
349680346,男,0
1903306796,男,0
26447913,保密,0
1889657264,男,1
24528920,保密,0
289606787,男,0
511055205,女,1
1209654039,男,0
518482877,男,1
344799363,男,1
57380164,女,0
444493253,保密,1
59442863,男,1
487335201,保密,0
6894375,保密,1
1161976979,保密,1
701523990,女,0
278438913,保密,1
29757829,保密,0
264352395,男,0
27780579,女,1
313555597,保密,0
271350046,女,0
506176831,男,1
317345988,男,1
15159895,男,1
380456404,男,0
289606787,男,0
271995833,保密,0
272926004,保密,0
349751155,保密,1
149338116,保密,0
630764945,保密,0
90790171,保密,0
259034415,保密,0
1207666231,保密,0
76723948,保密,1
472233006,男,0
632486423,男,0
11863806,男,1
479518163,保密,0
437223384,保密,1
432010205,男,1
102399943,男,1
12423780,保密,1
456310766,男,0
478389,保密,0
13218236,保密,0
46075502,女,0
7881426,男,1
442769222,女,0
442345086,保密,0
399360623,保密,0
300024788,保密,0
261679954,保密,1
71521801,男,1
1121312985,保密,0
34438710,保密,0
408496181,男,0
1797712889,保密,0
252300466,女,1
417375593,男,1
483440029,保密,0
693634623,保密,0
159182511,保密,0
1424275167,保密,0
494518862,保密,1
402387904,男,1
586445980,男,0
1179411954,保密,0
478737985,保密,0
304743545,保密,0
480041786,男,1
1929538969,保密,0
398884607,保密,0
228983138,男,1
165670171,女,0
38863403,女,1
356799344,保密,0
437895068,女,1
38863403,女,1
356799344,保密,0
437895068,女,1
20499980,男,1
424571391,男,0
509213856,保密,0
31366604,男,1
370429864,保密,0
9104117,男,1
1527744,男,1
280427638,保密,0
1347282472,保密,1
498857536,女,0
646637175,保密,0
1418624989,女,0
438318766,保密,0
110174023,保密,0
446001778,保密,0
491628977,男,0
39323186,女,0
692906924,男,0
455815492,女,1
382012564,保密,1
11244299,保密,1
15307089,保密,1
27549814,保密,1
143946119,男,1
847744,保密,1
40385074,保密,1
482126742,保密,0
31498987,男,1
1885766525,保密,0
477933063,保密,1
526130149,保密,1
159321773,女,0
25849273,保密,0
321977247,男,1
626946522,女,0
27005173,保密,0
476051297,男,0
47256868,保密,0
419196576,男,0
475963704,保密,0
19585207,保密,0
455686804,保密,1
77665925,女,1
243907734,女,0
581877390,保密,0
405550629,男,0
350996081,女,0
353880343,男,1
477989646,男,0
160228744,保密,1
431092753,保密,1
22589601,男,1
394830226,保密,0
471557092,男,1
1733907985,保密,0
602860100,保密,0
269539710,保密,1
631077848,保密,0
20565246,男,1
1511913889,女,1
148191798,保密,1
1499808047,女,1
502809239,保密,0
2042226929,保密,0
443058725,保密,0
29654385,女,1
277394246,男,0
36212855,男,1
2058794261,保密,0
152310405,男,1
354904245,女,0
475359010,男,0
524305048,男,0
639780989,男,1
362498607,保密,0
198366120,男,0
32013876,男,1
491628977,男,0
400472936,男,1
355494823,保密,1
455738826,女,0
175040305,男,1
33075344,女,1
382031363,保密,0
415392979,男,0
22146799,保密,0
298115571,男,1
454546372,男,1
446222706,男,1
220695531,男,0
170201674,女,1
444738789,男,1
27291898,保密,1
73428876,男,1
282413126,保密,1
220914785,男,0
28618949,保密,0
1291039608,男,0
18943114,保密,1
349748810,保密,0
26023645,男,1
24331261,保密,0
512308150,保密,0
16192569,保密,0
2074298447,保密,1
308791271,保密,0
401786589,男,0
495651706,男,1
691384102,保密,0
94894595,男,1
19843830,男,1
367938495,保密,1
23657576,男,1
59424001,男,1
1731370,男,1
626757233,保密,0
418840602,保密,1
1916707487,保密,1
21474513,保密,1
311032329,保密,0
490487941,保密,1
525394802,保密,0
32367364,女,1
426976885,男,1
1654025186,男,0
252995905,女,0
437978638,男,0
403521543,保密,0
357987394,男,0
354918120,男,0
361828031,男,0
317518309,男,1
453044279,男,0
513104084,保密,0
522932888,男,1
348977261,男,1
37912771,保密,1
522932888,男,1
348977261,男,1
37912771,保密,1
1846900254,男,0
355053103,保密,1
39020008,男,0
328538293,保密,0
544402903,女,0
357798942,保密,1
1847705470,保密,0
516990062,男,1
522045924,男,1
1673750552,女,0
1957746184,保密,0
1455587513,保密,0
490628839,保密,1
2141015853,保密,0
335443437,男,1
514406342,保密,0
627618819,保密,0
436948411,男,1
669375483,保密,0
437434356,保密,0
499221326,男,0
631566481,女,0
437973897,女,1
443328783,男,0
33866598,男,1
298115571,男,1
123927359,保密,1
1133323487,保密,0
398059551,女,1
638424811,保密,0
107760536,保密,0
25381854,女,0
293792516,男,1
397153902,保密,1
396831451,男,0
384742975,保密,0
634963724,保密,0
409635329,保密,0
626585691,保密,1
2007011034,保密,1
293325356,男,0
382153087,保密,0
89646944,保密,1
319990493,男,0
689943813,保密,0
630700666,保密,1
660445315,保密,0
82689110,保密,1
475844371,保密,0
12896061,男,1
542041450,男,1
321766158,保密,1
483428613,保密,0
143471434,男,0
324391326,保密,1
57493957,男,0
353856131,男,1
54681825,男,1
249583447,男,0
294374354,男,0
184438369,男,0
486103868,女,1
513454952,男,1
436354385,男,1
306945140,保密,0
326654501,男,1
90386892,保密,1
452965511,保密,0
362265195,保密,0
393725939,保密,1
1266099446,保密,0
272522374,男,1
406063532,男,0
541650672,女,0
170668035,保密,0
85114448,男,1
49873432,男,1
85114448,男,1
49873432,男,1
626960582,保密,0
1492760094,保密,0
1645942186,男,0
1348459561,女,1
631345305,保密,0
1283955878,男,0
694006034,男,0
1817288754,男,0
436807132,男,0
501741849,男,0
452198930,男,1
394877773,女,1
352127449,保密,0
551222940,女,1
418392108,保密,1
355161744,男,0
93651991,保密,1
453044279,男,0
550340230,保密,0
364770069,女,1
411580473,保密,1
1091153846,女,0
43859248,男,0
397054676,保密,1
481108306,男,1
497437612,男,1
456539980,保密,1
50441786,保密,0
6866285,保密,1
170201674,女,1
383034998,保密,1
560264418,保密,0
161888771,保密,1
402331792,男,1
2083658965,保密,0
41713694,男,1
433229915,保密,1
382012564,保密,1
365895599,保密,1
1224212155,保密,0
496223294,女,0
382262606,保密,1
348818495,保密,1
470497512,男,1
243986661,女,0
237287014,男,1
354344769,保密,1
359148410,保密,1
7545673,男,1
151414972,保密,1
404430461,男,1
509110377,保密,0
111144084,男,0
89608925,男,1
1160276368,保密,0
1440608655,保密,0
357066480,男,1
52812590,保密,1
389729317,保密,0
291425534,男,1
486053745,保密,1
275411564,保密,1
312637673,保密,1
412888545,男,0
282452763,男,1
490843983,保密,0
455158167,保密,0
1884388915,保密,0
424571391,男,0
352837003,女,0
402093611,男,0
352061653,男,1
551303764,女,0
400350093,保密,0
13890613,男,1
1086847203,男,0
2903497,男,1
14927907,保密,0
68009520,男,0
91287402,女,0
519150149,女,0
490285814,男,1
584539717,女,0
1344054742,男,1
540051220,男,0
437434356,保密,0
481847391,保密,1
1606799714,保密,0
179601717,男,1
421813645,保密,0
1001848936,男,0
24845965,男,1
487228459,男,0
501847222,保密,1
473118014,男,0
1407595786,保密,1
352331535,保密,0
24272555,男,1
352331535,保密,0
24272555,男,1
1980526711,保密,0
516853299,保密,0
323401207,女,1
514539245,保密,1
74077556,男,1
663505830,保密,1
322274607,保密,0
550240341,男,0
498494299,男,0
479297920,保密,0
197509258,保密,0
540051220,男,0
348423986,保密,0
360272578,保密,0
647966259,保密,0
114092286,男,0
85312609,保密,1
1840230288,保密,0
34090519,保密,0
383848330,男,1
383848348,男,0
423490471,男,0
367938495,保密,1
516391979,男,0
475063746,保密,1
392427126,保密,0
353880343,男,1
34077548,保密,1
495460861,男,1
519099303,保密,0
1936189587,女,1
2028304671,保密,0
525172641,男,0
470537065,保密,0
288104806,保密,1
1239830973,保密,0
502685153,男,1
249086754,女,0
182099402,男,0
8477285,保密,1
2098809122,保密,1
8370003,女,0
198949765,保密,0
2139671313,保密,0
501826029,保密,0
507672927,女,1
383403298,女,0
15935484,保密,1
511048747,女,0
493467884,女,0
316780027,男,1
12574988,保密,1
201256196,女,0
385663525,保密,1
488812964,保密,0
91755613,男,1
372224952,保密,1
28859036,女,1
436354385,男,1
1479303958,保密,0
66579147,保密,1
1956778125,女,0
482344587,保密,0
500439322,保密,0
66436290,女,0
174576135,男,1
2025202400,女,0
204320726,保密,1
375436404,女,0
173662181,保密,0
156910708,女,1
17316909,男,1
258869196,女,0
315257785,保密,0
434809261,保密,0
1237756033,保密,0
354522666,保密,1
6136560,保密,0
362733927,保密,1
1739395793,保密,0
19950247,保密,1
1730932883,女,0
38830619,保密,1
345570663,男,1
244305068,保密,1
296738203,保密,0
11244299,保密,1
349561014,男,1
1793585856,保密,0
2002793,男,1
7648,男,0
1576683669,保密,0
348859168,保密,1
552143834,女,0
1209654039,男,0
128674840,保密,0
352844628,男,1
442613319,男,0
1391703037,保密,0
14569178,男,1
448858476,保密,1
362391659,保密,0
1478754792,男,0
65184108,男,1
523915903,保密,0
165491372,男,1
5960066,男,1
455907334,保密,0
155485033,保密,0
583708306,女,0
355477303,男,1
357488030,保密,0
533665119,保密,0
7738958,女,1
51665584,男,1
519370307,保密,0
1152060393,保密,0
391637944,男,0
648508447,保密,0
439094515,男,0
634359580,男,0
477989646,男,0
302628671,男,0
14702712,男,1
3930081,男,1
1275750195,保密,1
1557420583,女,0
18937951,保密,1
2572031,保密,0
305248073,男,0
37727505,男,0
511993087,保密,1
21134651,男,1
22496175,保密,1
323718715,男,0
646637175,保密,0
502454657,保密,0
438232551,男,0
6501424,保密,1
355299952,女,0
356672622,男,1
1912104267,保密,0
384529595,男,1
57536754,女,1
201426571,男,1
297498930,男,0
702627541,女,0
26649491,保密,1
22854338,女,1
385702420,女,1
609160933,男,0
219668895,男,1
179317182,男,0
389128858,保密,0
37905897,保密,1
1961226683,保密,0
545421094,男,0
452242650,保密,0
1961226683,保密,0
452242650,保密,0
486340538,女,1
226329565,保密,0
599293925,保密,1
267034568,保密,0
2799952,保密,1
30280711,女,1
350671566,保密,0
491131965,保密,0
379293021,保密,1
17813081,保密,1
402248243,保密,0
26002084,保密,1
61475771,男,1
610880406,男,0
490335109,保密,1
105936650,保密,0
389416217,保密,0
351274291,保密,1
452561152,女,0
415185676,女,0
165091083,男,1
400916006,保密,0
351434250,女,0
2841692,保密,1
379026962,保密,0
101355451,男,1
4563572,保密,0
389201231,女,1
399381189,保密,1
411156712,男,1
400846665,保密,0
628685593,保密,0
261601273,保密,1
404479924,男,1
642617251,保密,1
21316165,男,1
351666994,保密,0
176997289,女,1
1578568834,保密,0
646164898,保密,0
45035599,男,0
470331021,男,0
34690825,保密,1
5175299,保密,1
400709341,保密,1
2069618,男,1
228905509,保密,1
14289474,男,1
59447394,男,1
694692035,保密,1
396424405,保密,0
57051121,男,0
332734678,保密,0
249136426,女,0
5114653,男,1
342520388,女,0
22844177,保密,0
221315229,男,0
482090686,女,0
668416676,男,1
1914140225,男,0
476764547,保密,0
1786130601,保密,0
37555172,女,0
383297514,男,0
592342102,男,0
240351188,保密,0
2075238540,保密,0
1393831815,男,0
74552226,男,1
31093572,女,1
400779261,保密,1
13940775,男,1
258092983,保密,0
8295550,男,0
521497155,男,1
352361517,男,1
289544699,男,1
38327551,男,0
413255353,男,0
503618681,男,0
40784388,男,0
23369154,女,1
475408527,女,0
457076304,男,1
1435618686,保密,0
520672097,男,0
34133125,女,1
6126709,男,1
522413426,男,0
130204161,保密,1
383039469,保密,1
318893971,女,1
626986155,男,0
12564525,保密,1
322400561,保密,0
400234325,保密,0
1736716196,保密,0
456604554,男,1
182686294,男,0
399911114,保密,0
628665461,女,0
22071784,女,0
641749319,保密,0
431269725,女,1
483400836,女,0
176472006,保密,0
645925173,保密,0
23136916,女,1
15014547,女,1
477537571,男,1
1990233655,保密,0
524268948,男,1
17047269,保密,1
310286969,男,1
36757481,保密,0
863810,男,1
402108787,保密,1
288364982,保密,0
359324322,女,1
431527256,保密,0
381261052,男,1
179881705,女,0
382106899,男,1
36718096,保密,1
369027113,保密,0
91251228,男,1
362534596,男,0
15512716,男,1
192002219,男,1
436869461,女,0
346551180,男,1
14067559,保密,1
386332708,女,0
6402528,女,0
1855971074,保密,1
12384655,男,1
358285716,保密,1
1891863087,女,0
454941603,男,0
272898698,男,0
53311762,保密,1
13861505,女,1
176938900,男,0
550553654,保密,1
1785567226,保密,0
90528253,男,1
32225158,保密,1
335426806,女,1
689559313,女,0
344689835,男,1
476314238,男,0
351400203,女,1
347374197,保密,1
484315657,保密,1
497970466,男,0
1815492176,男,0
528064991,保密,0
86497773,男,1
37973285,保密,1
615481044,保密,1
1669999125,男,0
484472892,保密,1
453247829,男,1
34692317,男,1
316403038,保密,0
112013028,男,1
1578568834,保密,0
94266276,男,1
30549645,男,1
517665693,女,0
2091985127,男,0
11475678,女,1
252398319,女,1
1923897890,保密,0
524899047,女,0
282630198,女,1
524508301,女,0
437266192,保密,0
422643080,保密,0
34664292,男,1
409735457,保密,1
86903995,女,0
34509360,男,0
458119351,男,0
291062036,女,0
27492118,男,1
424069464,女,0
424227607,男,1
649898118,保密,0
343873426,保密,0
24476806,女,1
303701159,男,1
331735450,保密,0
356877112,保密,1
577205,保密,1
120190354,男,1
88693590,保密,1
1865389737,男,0
321250066,女,0
244294767,女,0
524586711,女,1
130903456,保密,1
475962091,男,1
351269424,保密,1
12113904,男,1
1525624007,男,0
375233083,女,0
25381854,女,0
396597556,女,0
378978486,保密,0
2097096826,女,0
8276342,女,1
37403025,男,0
455288085,保密,0
2002280062,女,0
1296079279,女,0
171250442,男,0
326917063,女,0
327610973,保密,0
497660876,男,0
433991763,保密,0
646621391,保密,0
21235174,保密,0
28599878,保密,1
27934015,保密,1
288660676,保密,1
349680346,男,0
472956437,保密,0
437699408,保密,0
129453587,男,0
313051578,保密,0
85485397,男,0
440433060,女,0
359492287,保密,0
108829760,男,0
7884363,女,1
32281337,保密,1
104940708,男,1
37983839,男,1
32370765,男,0
550271785,保密,1
1097795865,保密,0
516482857,保密,0
501802126,保密,0
7454712,女,1
348031036,保密,1
382128465,男,0
450721479,保密,1
479203363,保密,1
13673852,男,1
294894613,女,0
514169658,男,1
166401356,保密,1
502276190,男,1
385031040,保密,0
481934008,保密,0
284586643,保密,1
1391703037,保密,0
15435878,男,0
692037601,保密,1
7869283,女,0
82697130,女,1
456490785,保密,0
438624121,保密,1
357066480,男,1
186659650,女,0
438199665,保密,1
1704073064,保密,0
88710254,保密,0
509831433,男,0
87725867,保密,0
159536989,男,1
441479287,男,0
631077848,保密,0
517385849,女,0
1342839665,保密,0
390445810,保密,0
476056620,保密,0
454842109,男,1
1989334684,女,0
398591507,保密,0
304732279,女,0
6479389,男,1
498567910,保密,1
490224424,保密,0
295215827,男,0
2073498692,保密,0
271251508,男,1
59937741,女,0
661496768,男,0
481472068,保密,1
491323363,保密,0
2144306418,保密,0
650419966,男,0
13135006,男,1
2133019047,男,0
285919399,男,1
25960726,男,0
437413651,保密,0
1222264613,保密,0
496902874,保密,0
2117514417,保密,0
379258097,女,0
19088994,女,1
400471602,保密,0
322755,保密,1
15891920,男,1
26060512,男,1
36116543,保密,1
389213915,男,1
426976885,男,1
1829570521,男,1
11255913,保密,1
28555569,男,1
18914845,保密,1
628520754,保密,0
20685796,男,1
628520754,保密,0
20685796,男,1
526804916,男,0
360381904,男,1
402961769,男,0
257519009,男,1
1963938033,保密,0
1073056199,保密,0
399965032,男,1
19586386,保密,1
514296728,男,0
434082091,男,1
785976,女,1
13012509,保密,1
18054945,男,0
456102458,男,0
100827912,女,0
423534306,女,0
10540235,保密,0
110496378,保密,1
275319557,男,1
382117747,女,1
18367766,男,0
31796408,男,1
209210763,男,0
51552777,男,1
413186218,保密,0
4946418,男,1
1308693864,保密,0
620884185,保密,1
100976468,保密,1
525168762,女,0
675421425,保密,0
473355248,女,0
399989557,男,1
96929756,男,0
38597254,保密,0
91500258,女,0
435911519,保密,1
1661708415,男,0
141199200,保密,1
515822516,男,0
11166680,女,1
126054679,保密,1
1877908,男,1
1606560151,保密,1
394278158,男,1
52673633,女,1
204893221,保密,0
524161698,保密,1
802134,男,1
675729318,男,0
43189173,保密,0
554414407,女,1
36596579,男,0
317128,男,1
22880825,保密,1
500482833,男,1
14926726,男,0
524589258,保密,1
1258390292,保密,1
54316953,男,0
450628087,男,1
31424823,女,1
646015074,保密,1
401166784,男,0
211675442,保密,0
425056446,女,1
35196713,保密,0
395213382,保密,0
357874575,保密,0
418288509,保密,1
524121980,保密,0
14926726,男,0
289177293,男,0
349233836,男,1
355668725,保密,0
433379576,女,1
106581893,保密,1
1388508688,男,0
558260,保密,1
350967818,保密,1
192002219,男,1
26063396,保密,1
512788408,男,0
491559015,女,0
18736826,男,1
1468805007,保密,0
1181037151,保密,0
413272389,女,1
412902100,保密,0
266704898,男,1
482303164,男,1
82330452,女,1
383022939,男,1
503332666,男,0
636905732,男,0
53654356,男,1
1283955878,男,0
258164995,男,0
305665859,保密,1
451312042,保密,1
1911527596,保密,0
359447385,保密,1
12788818,女,0
280624824,男,1
184438369,男,0
99201140,女,0
1025881952,保密,0
437217410,保密,0
290777656,保密,0
174352662,保密,0
457784456,男,0
504593796,男,0
475437896,保密,0
78646522,保密,0
22442752,保密,1
354522666,保密,1
12110699,男,1
363162563,女,1
644946011,保密,0
1905794671,女,0
395873188,男,0
440754798,男,0
24367063,男,0
19940835,男,0
476072383,男,0
1184829892,保密,0
170117083,保密,0
339740913,保密,1
352636220,保密,1
524830368,保密,0
13547605,保密,1
485888408,男,0
34077548,保密,1
436948411,男,1
454941603,男,0
439296786,男,1
1738815278,保密,1
397165688,男,0
507578888,保密,1
430240128,保密,0
2102499761,保密,0
1320505779,保密,1
352331535,保密,0
205946640,保密,1
453044279,男,0
477018856,保密,0
586936222,保密,0
454941603,男,0
280624824,男,1
524819655,女,0
354522666,保密,1
1497319171,保密,1
291715818,男,1
454941603,男,0
1154637450,保密,0
383318280,保密,0
249074301,保密,0
301102841,男,0
1566843644,男,0
520640731,保密,0
399798220,保密,1
515058203,女,0
480931693,保密,0
45592303,男,1
2094171416,女,0
1650139305,保密,0
336884191,男,0
1607210502,男,0
18943114,保密,1
55049679,保密,1
414873196,男,0
296738203,保密,0
135841208,男,1
491180411,保密,0
364285399,保密,0
492842741,男,1
327948581,女,0
364285399,保密,0
492842741,男,1
327948581,女,0
316918060,保密,1
349445271,保密,0
350813740,保密,1
455067801,保密,0
618616678,保密,0
181010650,保密,1
190749528,男,1
364255493,女,0
489449265,保密,0
437601586,男,1
425571930,保密,0
88556089,女,1
474116379,男,1
1411546683,保密,1
6987922,保密,0
670183993,女,0
398502881,女,0
439279142,男,1
524381434,保密,1
478059247,男,0
508204941,男,1
513995209,保密,0
330463165,男,1
487108556,保密,0
198217921,保密,0
485888408,男,0
22431746,男,1
435091349,保密,1
36013013,保密,0
408695903,男,0
111270503,女,1
475851326,保密,0
455044291,保密,1
327299993,男,1
1450193087,保密,0
490045943,保密,0
1146035901,女,0
482350177,男,0
325840384,男,0
491766823,保密,0
10781864,保密,1
400137565,男,1
517360027,男,0
10054967,男,1
382298791,男,0
1767124512,保密,0
308791271,保密,0
23126735,保密,1
524819655,女,0
272027575,保密,0
3054242,保密,0
484777009,男,1
364259623,保密,0
1473468102,女,0
269031807,男,1
501887094,女,0
272930747,保密,0
1473468102,女,0
269031807,男,1
501887094,女,0
272930747,保密,0
14046554,保密,0
470626150,男,1
524819655,女,0
255506251,男,1
12927264,男,1
560231429,保密,0
1603701431,保密,0
38309011,男,1
249226932,保密,1
202188584,保密,1
358729659,男,1
251119313,男,1
519496556,男,1
477351553,男,0
382484484,保密,1
76103495,保密,1
536078237,保密,1
502300760,男,0
398889146,保密,1
587364727,保密,0
629046714,保密,1
1447211760,保密,0
196740508,保密,1
35091646,保密,0
189781055,保密,1
1618440326,男,0
35014478,女,0
516337271,男,1
356236177,女,0
516337271,男,1
389236094,女,0
386429167,男,1
289604436,女,0
352331535,保密,0
1297214962,保密,0
1954989153,男,0
484906663,男,0
180159704,保密,0
669017770,保密,0
8170269,男,1
294848233,保密,1
39540953,男,1
1497319171,保密,1
259872624,女,1
634363997,保密,1
625278719,男,0
71137213,女,0
388838270,男,1
84509039,保密,1
453949062,男,0
1607210502,男,0
474298773,保密,0
513333298,女,0
320572649,男,0
644525445,保密,0
478725272,男,0
515163826,保密,0
62894897,男,1
39371345,女,1
397202848,女,0
1206923989,男,0
544470811,保密,1
19507688,男,1
506483150,男,0
437088784,男,0
438906198,男,1
424714078,保密,1
1161670634,保密,1
625278719,男,0
184766796,保密,1
353999784,男,0
44620848,男,1
329347041,男,1
486223712,男,1
249536918,保密,0
174474514,保密,0
329347041,男,1
486223712,男,1
249536918,保密,0
174474514,保密,0
120253978,女,0
495368577,女,1
416453809,男,1
1179612367,保密,1
191079350,保密,0
482398837,女,1
497016616,女,0
415216730,保密,0
426956382,男,1
1112325845,女,1
499289311,保密,0
217815477,男,1
632132935,男,1
479938085,男,1
486921262,保密,0
1171291538,男,0
204800181,保密,1
68330954,男,1
344476994,男,0
1497319171,保密,1
247881393,保密,1
87647309,保密,0
2099922399,女,0
362461497,女,1
476917800,女,1
589219656,保密,0
560560860,男,1
191252300,保密,0
538167389,保密,0
85732424,保密,0
668662857,女,0
1632428862,保密,0
381252011,保密,0
54817686,男,0
87905127,保密,1
198639090,保密,0
476264618,男,1
677564260,保密,0
374373968,保密,1
285838017,女,0
410226411,保密,1
399932543,保密,1
13855943,保密,0
481289759,保密,0
210746447,女,1
396832028,保密,1
441069177,保密,0
85267377,男,1
142630441,保密,1
271894582,女,0
477175203,女,0
521856695,男,0
502927661,男,1
511496462,保密,1
181981913,男,1
429509771,女,1
502927661,男,1
511496462,保密,1
181981913,男,1
429509771,女,1
384692960,男,0
424394723,男,1
1739756625,保密,1
77075610,男,1
686230804,女,1
176847733,男,1
109462885,女,0
35564055,保密,1
1506725528,女,1
290495133,男,0
499973724,女,0
412261617,男,1
402615036,女,0
285322730,保密,0
41309881,保密,0
1858028256,保密,0
1049998948,保密,0
622540930,男,1
241403022,男,0
66599187,保密,0
475948453,女,0
497275785,男,0
283430349,女,0
1001848936,男,0
1502974298,女,0
1993607417,男,1
193325591,保密,1
400980455,男,0
25156987,女,1
457776238,保密,1
1933018125,保密,0
280125000,保密,0
500439322,保密,0
12342937,保密,1
300705379,保密,1
307287689,保密,0
431070642,男,0
71567524,保密,1
646063860,男,1
522289572,保密,0
71536874,保密,0
38396975,女,1
418840602,保密,1
190823923,男,0
297647348,女,0
171513634,男,1
495373735,保密,0
1124805173,保密,0
12967925,男,0
1393630399,保密,1
87386899,男,0
160190915,保密,1
490601995,保密,1
317045210,保密,0
392561090,男,1
1971418868,保密,0
1018311752,女,0
524441882,保密,0
255893891,保密,1
334457085,保密,1
13791497,女,1
45009260,男,0
241663321,男,0
439137716,女,0
500611112,女,0
561689944,保密,0
540035244,保密,0
482350177,男,0
504600502,保密,1
299720601,男,1
1747384260,保密,1
97229883,保密,0
526838591,男,0
167308540,男,1
436948411,男,1
455164111,保密,1
543901844,保密,0
678379871,女,0
455164111,保密,1
424677357,男,0
431309644,保密,0
249618427,保密,1
107504125,男,0
301,保密,0
505253814,男,0
239839854,女,0
1115049137,男,1
2005836317,男,0
480128719,保密,1
59390392,保密,1
349372189,保密,1
481940350,女,0
470660742,男,1
304183366,男,0
254567560,男,0
346411524,保密,0
388333493,保密,0
1356046946,保密,0
22900918,女,1
40194874,保密,1
313553830,男,0
497597663,保密,0
486798707,女,0
168313216,保密,0
671477944,保密,1
430080599,保密,0
1769117822,保密,1
82278043,女,0
347102589,保密,1
178630172,保密,1
486943107,保密,0
222271174,保密,1
1138785883,男,0
1251196650,保密,0
1306242330,保密,0
394990027,保密,0
1251196650,保密,0
1306242330,保密,0
394990027,保密,0
521750117,男,0
502343121,保密,1
485888408,男,0
423810007,保密,0
282498230,男,0
1372748628,女,1
164877538,保密,1
513531216,男,1
379873449,保密,0
273943995,女,1
522289572,保密,0
13705331,女,1
305665859,保密,1
195564871,男,1
12070196,保密,1
179629756,女,1
283374813,保密,0
107504125,男,0
7490545,保密,0
59800006,保密,1
395674755,保密,0
243986661,女,0
372705961,男,0
8452262,男,1
431092753,保密,1
443567014,男,0
1481887660,保密,0
1736467,保密,0
277717789,保密,1
166328275,保密,0
493940721,保密,1
17006142,保密,1
333077573,女,1
14073428,保密,1
51108999,保密,0
487810209,保密,1
97112504,男,1
486321540,保密,0
398485976,保密,1
84340790,女,0
98371353,男,1
99355361,女,1
502900683,女,1
98711449,男,1
1471757831,保密,0
480913827,男,0
1977088641,保密,1
411156712,男,1
234381468,保密,1
404735033,男,1
483619514,女,0
1976961112,保密,0
27561961,男,0
513694073,男,1
5701239,男,1
517774764,男,1
400529170,保密,1
425162753,保密,0
385089143,女,0
361655499,女,0
379873449,保密,0
287806127,保密,1
396836046,保密,0
26093376,保密,1
95984493,保密,1
357180544,男,1
508598879,男,0
9607077,男,1
504812753,保密,0
8700985,男,1
506965488,保密,0
97215325,保密,0
288942651,男,0
505936237,男,0
1522993331,保密,0
396185351,保密,0
38901560,男,1
38901560,男,1
673546975,女,0
438557710,保密,0
28523585,保密,0
184792,保密,0
44175888,保密,0
1620443893,保密,0
37382336,保密,0
286779405,保密,1
286893161,保密,0
393475245,男,0
52256810,男,0
7084817,保密,1
673889253,男,0
309474618,保密,1
1522279596,保密,0
279715121,男,0
456149288,男,0
291282028,保密,0
391562409,保密,0
53804221,保密,1
35724628,男,0
1789373197,保密,0
480931693,保密,0
1296323530,保密,0
1089852706,保密,0
293815908,保密,1
424229580,保密,1
527604525,保密,0
1183959879,女,0
349895890,保密,0
516111059,女,0
34077548,保密,1
384080842,保密,0
244305068,保密,1
33790995,男,0
351175583,女,0
399067304,男,1
3955594,保密,1
1665071297,男,0
399067304,男,1
3955594,保密,1
1665071297,男,0
504559185,女,0
97400423,男,0
246811817,男,0
374373968,保密,1
362802990,男,0
199123919,女,1
313051578,保密,0
62440531,保密,1
403469555,保密,1
515985176,男,1
1403597900,男,0
695666875,女,0
373446915,男,0
353570011,保密,1
491824913,保密,1
1133323487,保密,0
359836039,女,1
687545793,男,0
87626161,男,1
288364982,保密,0
277975088,保密,0
20284757,保密,0
1546967689,男,0
344313957,男,1
694254639,男,1
604551205,男,1
502165349,女,0
115140366,女,0
280419167,保密,0
433167322,保密,0
1136618365,保密,0
1833584183,保密,0
475809633,保密,0
396350066,男,1
12297970,保密,1
35890704,保密,0
34490657,男,0
13685338,男,1
318557395,保密,0
442666216,女,1
73734382,男,0
131749732,保密,1
490633968,保密,0
38136863,保密,0
336134515,女,1
8449925,男,0
11399878,男,1
97378099,保密,0
13309762,女,1
345810683,保密,1
458190400,保密,1
18704073,男,1
8485382,男,1
423585327,男,1
619286223,保密,0
1353431601,男,1
35950951,保密,1
423585327,男,1
619286223,保密,0
1353431601,男,1
35950951,保密,1
642721,保密,0
1148866188,保密,1
287928017,保密,0
432267661,保密,0
509937258,女,0
372705961,男,0
36849345,男,1
272027575,保密,0
362866637,保密,0
271598419,男,1
628639367,保密,1
77576958,男,0
289830003,保密,1
54772670,保密,0
122645322,男,0
170511282,男,1
178977709,保密,0
434415052,保密,0
383941599,保密,1
255820450,保密,0
124069996,女,1
452504589,男,0
434126126,男,0
1205366907,保密,0
1759814512,男,0
454572690,男,0
627347511,保密,0
290489704,保密,1
218885343,保密,0
25314435,女,1
449462735,保密,0
1212560495,女,0
107978705,保密,1
505768737,保密,0
379011101,保密,1
165692134,保密,0
238727393,男,0
176827978,女,0
324281967,保密,0
296920852,男,0
434416107,男,1
35494883,男,1
328538293,保密,0
277842097,男,1
87166686,男,1
507930139,男,1
353332214,女,0
2597519,保密,0
408503384,男,0
234315366,女,1
348956544,保密,0
234356912,男,0
384333988,男,0
170021208,男,0
167400286,男,0
1808743354,保密,0
384333988,男,0
170021208,男,0
167400286,男,0
1808743354,保密,0
287865144,男,1
289527779,女,1
324569789,女,0
350883666,女,1
287928017,保密,0
401041529,保密,0
243238607,男,0
172251665,保密,1
495688852,保密,0
572201484,保密,0
589341181,女,0
1507513719,女,0
25045753,保密,0
95832494,男,0
249512384,男,0
365190811,男,0
81854305,保密,1
62358149,保密,1
19395461,男,0
477078482,男,1
400110679,男,1
696046881,保密,1
1746078457,保密,0
485417541,男,1
435050917,女,0
318934380,保密,0
286124218,男,1
286510245,保密,1
456423619,保密,0
42259291,男,1
19536332,男,0
317009229,男,0
416354808,保密,0
1957863981,男,0
362964434,女,1
403533115,保密,1
1628109058,保密,0
24317110,男,1
1132979211,男,0
420647,保密,1
363710256,保密,1
244363847,女,0
290371531,保密,1
20236274,保密,1
299720601,男,1
291744418,保密,0
1303012401,女,0
385202416,保密,1
34607401,男,1
424418317,女,0
352435168,男,0
256533489,保密,0
347990920,保密,0
11318288,保密,1
293555380,男,0
650063969,女,1
17154703,保密,1
344993524,男,1
1826566223,保密,1
439088693,男,0
49783,男,1
439025164,保密,1
1408714537,男,0
430846137,男,1
668397991,女,1
248507589,男,1
170692738,保密,0
489950446,女,0
2093438927,女,1
25045753,保密,0
476033023,男,0
526582798,女,1
1717818388,男,0
452664388,男,1
502300760,男,0
259034415,保密,0
452664388,男,1
502300760,男,0
259034415,保密,0
1974189622,保密,0
511364160,男,1
687587168,男,0
393959930,保密,0
229849064,男,1
22594425,男,1
383121271,女,1
1460339800,保密,0
498423023,保密,1
99335012,男,1
399751430,保密,0
55451827,女,1
7238137,女,1
399738774,男,0
595521068,保密,0
384670191,女,0
1150268869,男,1
8666521,保密,1
403276316,保密,1
652405106,保密,1
455884077,保密,0
473772856,保密,0
154690864,保密,1
510804427,女,0
190674033,保密,1
1578568834,保密,0
24251157,男,1
1545232424,男,0
286469066,女,0
156552371,保密,0
35837878,保密,0
50502783,女,0
22796069,男,1
392101073,男,0
502497857,保密,1
396847718,男,1
392101073,男,0
396847718,男,1
392101073,男,0
1783808298,保密,0
1108287037,保密,0
510052472,保密,0
430962241,女,0
6474902,男,1
109302400,保密,1
100883935,男,1
21491007,男,1
397013709,保密,1
2027660005,保密,0
339787,保密,1
631488666,保密,0
144498364,保密,1
387275559,男,0
5913835,女,0
71374628,女,1
349153402,保密,1
449956917,男,0
42448906,保密,1
512079869,男,0
354869336,保密,0
432315525,女,0
104127058,男,1
645195745,男,1
457081360,保密,1
78465387,保密,0
202590493,男,0
456868290,男,0
480462303,男,0
454595534,保密,0
179115241,保密,1
280624824,男,1
479968881,保密,0
359667816,男,0
65925434,保密,1
516354079,保密,1
25694598,男,1
228203800,保密,0
290650427,女,0
457671461,保密,1
175360800,男,0
423824819,保密,0
12467608,男,1
482106536,男,1
177820585,保密,1
174108912,男,1
498115079,男,1
1402830283,保密,0
1666502059,保密,0
321511364,保密,0
32388653,保密,1
102314493,男,1
288325443,保密,1
455384293,男,0
503683823,保密,0
413766947,男,1
404425174,男,0
176944918,男,1
37145867,保密,1
357796890,男,1
75073611,男,0
150496333,保密,1
286769496,保密,1
2676561,男,0
34528684,男,1
415675,保密,1
2946356,男,1
352868991,保密,0
79935435,女,1
352899174,保密,1
2115170664,保密,0
9393196,女,1
1402249474,女,0
1362243975,保密,0
196361042,保密,0
21717479,保密,0
394841185,保密,0
496162189,保密,0
404440265,保密,0
489069009,保密,1
542056666,保密,0
277736687,保密,0
381615512,男,0
174474514,保密,0
439296786,男,1
108183989,男,1
241245674,女,1
671482852,保密,0
422749378,保密,0
1205317438,保密,1
1612237082,保密,0
171805299,女,1
629977236,男,1
2886328,保密,1
450427567,男,1
690009513,保密,0
288170393,男,0
402914721,男,1
646871782,保密,1
288170393,男,0
402914721,男,1
152875227,男,1
478725272,男,0
507484100,男,1
588915162,男,0
452655868,保密,1
1588314572,男,0
88184822,男,0
2038966176,保密,0
392559513,保密,1
353150515,女,1
403663867,保密,0
475496943,男,1
643681589,保密,1
318946212,男,0
12779913,保密,1
520208302,保密,0
4424267,女,1
431941476,保密,1
10284427,保密,1
622004485,保密,1
496403235,女,0
59135766,保密,1
409981,保密,0
214068106,男,0
13354612,男,1
102789053,男,1
271852817,男,0
388488365,保密,0
176079873,保密,1
451592779,保密,0
325954757,男,0
441354605,男,1
341625773,保密,0
479775010,女,1
2033308990,保密,1
445362452,女,1
37732615,男,0
389393457,保密,0
146514327,保密,1
351505223,男,0
456026318,男,0
205563046,男,1
687679026,女,1
431881313,保密,0
82656011,女,1
539343594,男,0
12342937,保密,1
185809773,保密,1
589699343,保密,0
663148599,保密,0
589122794,保密,0
437679856,男,0
11838508,女,1
24845965,男,1
456149288,男,0
412516166,保密,0
1354816850,女,0
437679856,男,0
11838508,女,1
24845965,男,1
412516166,保密,0
1354816850,女,0
259335437,男,0
383099455,保密,1
76535176,男,1
162752917,女,1
391473901,保密,0
178640571,保密,1
382669230,男,1
426647799,男,0
510658129,保密,1
308061610,保密,1
439417444,保密,1
34445700,保密,1
1665071297,男,0
379038539,男,1
1218613207,男,1
471357993,保密,1
483291429,保密,0
626975577,男,1
1261171643,保密,0
3143740,保密,1
555597,保密,0
164573884,男,1
7373952,男,0
14847407,男,0
225937834,保密,1
514587660,女,0
404427428,男,1
302530370,男,1
341397576,保密,1
130609164,男,0
383859837,保密,0
100959887,男,1
523287046,男,1
690009513,保密,0
22475948,男,0
99822448,保密,0
22378288,男,1
5444438,男,1
503843375,保密,0
453146303,男,0
287413113,男,1
107267160,女,0
524499359,保密,0
597118284,女,0
480691144,男,1
35657915,保密,1
279196596,男,0
337259869,保密,0
393094831,女,0
4282235,保密,1
171361019,男,1
490843983,保密,0
1129762205,保密,1
375634929,保密,0
347827890,男,1
199740792,男,1
43089903,男,1
12770490,男,0
482537861,保密,1
382038361,男,1
98097649,保密,0
46367,女,0
660668987,保密,0
303705996,男,1
472525893,保密,0
38825006,保密,1
1684443085,男,0
95421571,女,0
687545793,男,0
1397412303,保密,0
192033555,保密,0
534989711,保密,1
702133753,男,0
338355691,女,0
415205637,女,1
192033555,保密,0
534989711,保密,1
702133753,男,0
338355691,女,0
415205637,女,1
279562836,保密,0
1197652869,女,0
6824054,保密,0
111933248,保密,0
295644817,男,0
687316583,保密,0
43297643,女,1
500175026,保密,0
110922083,保密,0
1470373099,保密,0
269368050,保密,1
346649187,男,1
142687627,保密,0
1556312451,保密,0
150069458,保密,1
334993153,男,0
260604396,女,0
286274867,男,0
693130198,男,1
390342519,女,0
364090856,男,1
1760750237,女,0
387207279,保密,0
589294044,保密,1
372236596,保密,0
30363547,男,0
64242710,保密,1
282549078,保密,0
43701433,保密,0
364867083,男,0
3068057,保密,0
117832,保密,1
700705556,男,0
95859704,保密,1
382169608,保密,0
3068057,保密,0
117832,保密,1
700705556,男,0
95859704,保密,1
382169608,保密,0
358576939,保密,1
297242287,男,0
384822792,保密,1
182671750,保密,1
1249078108,保密,1
626671417,男,1
514380857,男,0
506505841,保密,1
355912684,男,1
350710676,保密,1
399035669,保密,1
408267384,男,1
505733695,男,1
43458501,保密,1
480864421,女,0
7924418,男,1
412881259,男,1
46510230,保密,1
26490026,男,1
436807132,男,0
7278511,保密,1
486484895,保密,0
33581155,保密,1
22914470,保密,1
517774764,男,1
543840677,保密,1
12310990,保密,1
404385493,女,0
1353431601,男,1
402202756,保密,0
670316711,女,0
434222740,男,0
407989167,女,0
437933024,保密,1
433394227,保密,0
498531454,保密,0
1767124512,保密,0
510575332,女,1
1495059838,男,0
527234167,保密,0
13975620,女,1
485833515,男,0
403246105,保密,1
22914470,保密,1
216939042,女,0
1804009127,保密,1
14917929,保密,1
51567178,保密,0
274995256,男,1
278388862,保密,0
51538875,男,1
496919480,保密,0
157330581,保密,1
362408381,保密,0
366416072,女,0
51538875,男,1
496919480,保密,0
157330581,保密,1
362408381,保密,0
366416072,女,0
364295910,保密,0
282850820,保密,0
30895551,男,0
32897117,男,1
438034832,男,1
1031852611,男,0
504704187,男,0
32439815,男,1
396803476,男,1
19554496,男,1
647277704,保密,0
27892390,保密,1
473025424,保密,1
628803331,保密,1
12930074,男,1
35644654,保密,1
39125190,保密,0
317054672,保密,0
497778423,保密,1
498430160,女,0
67979912,保密,1
16517089,保密,1
329588263,男,1
21956048,男,1
402770630,保密,0
45049078,男,0
16091295,男,1
500600502,男,0
382367896,男,0
396373734,保密,1
139693526,保密,0
479904390,男,0
33582169,保密,0
295366519,男,1
689597082,保密,0
139693526,保密,0
479904390,男,0
33582169,保密,0
295366519,男,1
689597082,保密,0
666693856,女,0
272908376,保密,0
381640300,男,1
65582650,女,1
517346380,男,1
490989881,男,1
14298397,保密,1
400980455,男,0
34293084,保密,1
1367915796,保密,1
397109329,保密,1
470716851,男,0
1933725469,保密,0
1359812478,女,0
1464648673,男,0
1901391132,保密,0
402596297,男,1
412663845,保密,0
251311264,保密,1
387248452,保密,0
288213189,保密,0
583353442,保密,0
107791170,保密,1
499220501,女,0
98833858,女,1
1058327365,保密,0
605736687,女,0
621747606,保密,0
455453250,女,1
22149543,保密,0
316392211,男,1
326728638,男,0
314862439,男,0
6340397,保密,0
1326025817,男,0
420360268,保密,1
1137847636,保密,1
14052726,保密,1
630745957,保密,1
244902650,男,0
473388851,保密,0
453930956,保密,1
627564161,保密,0
553148463,保密,0
85536964,保密,1
456172836,保密,1
25256979,女,1
676003992,男,0
208995378,女,1
287927237,男,1
36753955,女,1
364840681,保密,0
481587985,男,1
170226282,保密,1
352868991,保密,0
27053472,保密,1
400815625,男,0
523773197,女,0
603623097,男,0
336765334,男,0
232657681,保密,1
269031807,男,1
1933018125,保密,0
472525893,保密,0
9598163,保密,1
562976856,女,1
295272028,保密,0
391799211,男,1
387942744,女,0
32067977,女,1
503628514,保密,0
220308324,女,1
386389197,保密,1
1933725469,保密,0
387784058,保密,0
506293222,女,0
45096535,保密,1
525715478,男,0
170268940,保密,1
344843062,保密,0
522987946,保密,0
8415887,保密,0
34753935,保密,1
488706442,保密,1
382990006,男,1
80647744,女,0
35215945,保密,1
621056516,保密,0
1785989187,保密,0
400854932,保密,0
9988256,男,0
1478709258,女,0
234406301,保密,1
34864462,保密,1
263802191,男,0
401962731,保密,0
1649638722,男,0
516608203,保密,0
325287218,男,0
9057819,女,1
1410782045,保密,0
34624677,保密,1
518027401,保密,0
1649638722,男,0
385214735,男,1
291635881,保密,1
496927320,保密,0
1521297619,保密,0
507578888,保密,1
49962012,男,1
112355441,保密,0
631269149,男,1
352124374,保密,0
513552473,保密,1
477794394,保密,0
2668189,男,1
17585742,保密,0
495916067,保密,1
405183,男,1
1817485323,女,0
522176902,保密,1
674998213,男,1
21511747,男,1
2933382,男,1
399105343,男,0
48639510,男,1
481118422,保密,0
1741920696,保密,0
188476152,保密,1
513973168,保密,0
488278658,保密,1
1422721648,男,0
508493283,女,0
357066480,男,1
511715551,保密,1
458143207,女,0
591774189,保密,0
651505565,保密,0
65702283,男,1
678379871,女,0
110377000,女,0
607393903,男,0
522082835,保密,1
364273351,男,1
99016278,女,0
1120340275,保密,1
179389530,女,0
429654148,保密,1
406210034,保密,1
12157716,男,1
384936017,男,0
143550198,保密,1
352478800,男,1
140036899,保密,1
20136228,保密,1
20136228,保密,1
523641962,保密,0
2045996241,男,0
32444928,女,0
538822776,保密,0
31694412,男,1
174125995,女,0
65370874,保密,1
12009375,保密,1
30051332,保密,0
524437948,保密,1
10826451,男,1
291025449,保密,0
229804217,保密,1
2027050718,保密,0
690501461,保密,0
8649148,保密,1
2015129340,保密,0
68015731,保密,0
1957863981,男,0
526822504,女,0
7367999,男,1
57609278,男,1
1410782045,保密,0
249646812,女,0
85796326,保密,1
31346465,男,0
335772376,保密,0
586096240,保密,1
23935714,女,1
484872348,女,0
13261770,保密,1
38087432,女,0
507970417,保密,0
397701020,女,0
585115626,男,0
384695518,男,0
1156419163,保密,0
400977690,保密,0
364821367,保密,1
364821367,保密,1
390257522,保密,1
539499625,男,0
372327163,男,0
441789652,男,1
24188933,男,0
557795356,保密,0
293176882,男,1
621778831,保密,1
85753672,保密,1
1962800907,女,0
34666340,保密,0
13994910,保密,1
453826127,男,0
43729579,女,1
305248073,男,0
344228015,男,1
7105309,女,0
229133408,男,0
3014278,保密,1
500743643,男,1
368056116,保密,0
51729694,男,1
395881310,男,0
1636737154,男,1
439265008,保密,1
13947144,男,1
1152351148,保密,0
435275027,保密,1
22413927,保密,1
446912207,保密,0
7867173,男,1
1616300206,女,1
672390901,保密,0
438518698,男,0
14382202,保密,0
526130149,保密,1
531693063,男,0
65969732,保密,1
397205666,男,0
1554949093,男,0
397486527,保密,1
476314238,男,0
515945601,保密,1
320331097,男,0
1794906559,保密,0
49987775,保密,1
17502820,保密,1
271949415,女,1
1060899445,男,0
22702376,保密,0
396858818,保密,0
507733771,男,0
19088994,女,1
11416985,保密,0
40769806,保密,1
41275303,女,1
696223793,保密,0
411045490,保密,1
10847293,保密,0
10847293,保密,0
71100380,男,0
31304922,女,1
323396783,保密,1
505786089,保密,1
238182293,男,0
274573224,女,0
487353748,保密,0
13286528,保密,0
6463,保密,1
15668466,男,0
1297036562,保密,0
38415287,男,1
129309430,保密,0
320600829,女,0
96803443,女,0
18774130,男,1
22563407,男,0
471246768,保密,0
401750676,男,1
11936260,男,1
289361907,保密,0
1323924764,保密,0
67520791,保密,1
305661834,女,0
492560615,女,0
46200205,女,1
686613328,保密,0
411516808,女,0
1722708324,保密,0
16739535,保密,0
8682394,女,1
4761312,男,1
15115433,男,1
666695697,男,0
543840677,保密,1
220175521,男,1
68979469,保密,0
87990471,保密,1
435737777,男,0
435737777,男,0
1338240587,保密,1
397610497,保密,1
203522325,保密,0
189837966,保密,1
481800294,保密,0
1368875096,保密,0
700205576,保密,0
405505487,男,0
15890055,保密,1
288482,保密,1
29661363,男,1
65996682,保密,1
624923189,保密,0
294122318,保密,0
1123238059,保密,0
382658656,保密,0
4339638,女,1
90663156,保密,1
697345511,女,0
188494826,男,1
297722757,男,0
201589648,女,1
624587518,保密,0
15435358,保密,1
35665803,男,0
565448510,保密,0
669634002,保密,1
91400531,保密,0
388141828,保密,0
437718452,男,0
13536540,男,1
492435878,保密,0
361181648,女,1
526209797,男,1
1812190491,保密,0
35058532,保密,1
12001444,保密,1
672390901,保密,0
1430870732,保密,0
1430870732,保密,0
477243421,保密,0
633968356,保密,0
2042383835,保密,1
176785627,保密,0
18685668,保密,1
52617060,保密,1
1848251663,女,0
112355441,保密,0
321997036,保密,0
491712768,保密,1
179629756,女,1
1412870961,保密,0
662084267,保密,0
633893730,保密,0
193138314,女,0
436575246,女,1
28192408,保密,1
487576456,保密,0
2069733174,保密,1
259625354,保密,0
434702752,保密,0
283757330,保密,1
447409287,保密,1
13812117,女,1
1509637249,保密,0
443850091,男,0
159120090,保密,0
6340397,保密,0
108540552,保密,1
172557665,男,0
6090339,男,1
177277317,男,0
1067805567,保密,0
636447547,保密,0
13188752,男,1
472723177,女,1
505191789,女,0
330071087,保密,0
157533021,男,0
456366381,女,1
24986428,保密,0
168197037,保密,1
157219587,男,1
57019199,保密,1
14196479,保密,1
515747126,男,0
526053023,女,0
6631916,保密,1
37095400,保密,0
11065563,保密,1
626396795,男,0
147209038,保密,1
205061286,男,0
441095274,保密,1
601347833,保密,0
550326721,男,0
262494011,保密,1
74194792,保密,0
454499733,男,0
32489311,男,1
440457070,保密,0
358728015,保密,0
541964653,保密,0
4761312,男,1
230471457,保密,0
61475771,男,1
259801588,男,1
1144327883,保密,1
1490276424,保密,0
360217482,男,0
16192569,保密,0
241663321,男,0
609601108,保密,0
36280677,男,1
2098683568,保密,0
157709206,保密,1
30327248,男,1
44940516,保密,0
389275644,男,0
109329848,男,0
436835849,保密,0
646714916,保密,0
1076534685,保密,0
443074611,男,1
693696945,保密,1
279774458,保密,0
298505997,女,0
351472147,男,1
11037988,保密,0
384628818,保密,0
476898421,男,0
446839509,男,0
451849056,男,1
78026231,男,1
11614480,女,0
589967,女,1
92217346,男,1
598577386,保密,0
392086967,保密,0
504004190,保密,1
384705735,保密,1
508167656,保密,0
199854225,女,0
75072922,女,1
1538160160,保密,0
478888483,保密,0
168240429,保密,0
288646534,保密,0
11195210,保密,1
456313215,男,1
675260204,男,0
635079631,男,0
32211274,保密,1
1768799027,保密,0
167492702,保密,0
27780150,保密,1
2067975546,保密,0
28077784,男,1
1982374136,男,0
34541392,男,1
1225282187,保密,1
627005672,女,1
152155419,男,1
662149290,女,0
179507662,保密,0
470055990,男,1
14628023,男,1
369006507,保密,1
24906912,保密,1
437471209,男,1
40639797,女,0
8788178,男,1
471456491,保密,1
514361238,保密,0
1995177081,女,0
438458363,保密,0
344728617,保密,0
485324706,保密,1
21034935,男,1
441354605,男,1
650757927,保密,0
446562873,保密,0
573871279,保密,1
1286759583,保密,0
22060020,男,1
480943373,男,1
397907874,男,0
546644160,保密,0
233618077,男,1
398266307,保密,1
351522916,男,0
357706854,保密,0
438746054,保密,0
502046926,保密,1
535139157,保密,0
439276799,保密,0
1842419843,保密,0
123325225,保密,1
5584205,男,1
21703854,保密,0
501561066,保密,0
4631194,男,1
10347243,保密,1
389268451,保密,1
2113224624,保密,0
404480306,保密,1
387001091,保密,0
1409788948,保密,0
28074316,男,1
435478911,保密,0
38507815,男,0
20859789,保密,1
46043280,女,0
22187794,男,1
76670074,保密,0
175677356,男,0
12878033,男,1
2376795,男,0
572099097,男,0
194605834,女,0
516449284,保密,0
5641625,保密,1
1811860142,女,0
370429864,保密,0
220680311,保密,1
323835774,男,0
452371449,保密,0
442163240,保密,1
600266017,男,0
356759471,女,0
548286115,男,0
422749378,保密,0
308086431,保密,1
26851805,保密,0
74552226,男,1
353457794,保密,0
2095022077,保密,0
3432122,男,1
146109281,保密,1
5859178,女,1
7900750,男,0
9018804,男,1
488525756,保密,0
503604644,男,0
32751670,女,1
441733206,男,0
350724453,保密,0
52139981,保密,1
50253834,男,0
44648693,男,0
14092850,男,1
1679889788,保密,0
3560981,保密,0
32383682,保密,1
350184592,保密,0
330071087,保密,0
646489040,保密,0
339886202,男,0
7170072,保密,1
482311110,保密,0
477243421,保密,0
89800754,保密,1
299911809,保密,0
15469141,保密,0
675638796,保密,0
91293351,男,0
37143843,保密,0
646869225,女,1
1064720279,保密,0
385414512,男,1
20060502,保密,1
1322883231,男,1
44629139,保密,1
631369976,保密,0
204761314,保密,0
353905214,男,0
13754269,女,1
207373900,保密,0
11088592,保密,0
10102264,女,0
39641525,保密,1
305304712,保密,1
351190351,保密,1
473847996,保密,0
34809932,保密,1
399455491,保密,1
392657259,男,0
21236953,女,1
75873649,保密,1
17749395,男,1
493411827,保密,0
1923058929,保密,0
6572791,保密,0
441451582,男,1
455453981,保密,0
4145822,男,1
548286115,男,0
350076491,保密,0
283697660,女,1
283697660,女,1
646871782,保密,1
438759616,男,1
389102327,女,0
506110305,女,0
13934334,保密,0
470632506,男,1
381947716,男,0
503604644,男,0
38334209,男,1
1652331983,保密,1
436153398,保密,0
33475622,男,1
103580739,女,1
627604238,女,0
650826187,保密,0
289411737,保密,0
178800204,保密,0
162754482,男,1
271248170,保密,1
1450287650,男,0
1527001072,保密,0
17726264,女,0
543310039,男,0
1494701185,女,0
13181649,男,1
287930589,女,0
418357884,保密,1
450871257,女,1
402935670,保密,0
313658375,男,0
3802588,男,1
342731767,保密,1
1163650425,男,0
1056168015,保密,0
1674308147,男,0
1178049676,保密,0
69860829,男,1
417374359,保密,0
404314752,女,1
487345065,保密,0
96847877,男,1
293949746,保密,1
151454422,保密,1
26218814,男,1
661769,男,1
313321052,男,0
297792363,男,0
229644345,保密,0
537737828,男,1
7232451,女,0
277975088,保密,0
1048799436,女,1
400587443,保密,1
1481224720,保密,0
476926801,男,1
11569470,男,1
392532075,保密,1
285898840,保密,0
440695168,男,1
285898840,保密,0
440695168,男,1
438148311,保密,1
361488635,男,1
89540413,保密,0
233637930,保密,0
398909015,男,1
700467338,保密,0
511433050,保密,0
455560877,保密,0
396995143,男,0
274323849,男,0
7153306,男,0
471194683,男,0
622591535,保密,0
7943857,保密,1
29553152,女,1
1731321092,保密,0
409178818,男,1
90069533,男,0
390473890,男,0
514981786,男,0
391134413,男,0
696536122,男,0
8827096,保密,1
525125749,保密,0
599341374,男,1
25295760,女,1
37005244,男,1
479830797,保密,0
452247470,女,0
2062843620,女,1
255849288,女,1
452752853,女,0
124686314,保密,0
28596407,男,1
107165226,男,1
401410110,保密,0
385512172,女,0
289534437,男,0
350882109,保密,1
1296516993,保密,0
179841117,保密,1
196681746,男,1
608837184,保密,0
290790024,女,0
195649788,男,1
1494540310,保密,0
1306242330,保密,0
38002416,男,1
1773549323,保密,0
388490357,男,1
452510,保密,1
1578568834,保密,0
501734616,男,0
347097868,保密,0
40048190,男,1
478827000,男,0
1024432508,保密,0
562628842,女,1
390799725,男,0
152108318,保密,1
25359575,男,1
1071533298,男,0
483593190,女,0
1793028,保密,1
471303883,保密,1
25853100,保密,1
652339342,男,0
396901394,保密,1
159155656,女,1
3187361,保密,1
7795331,保密,1
108128180,男,1
525197682,女,0
368221846,保密,0
352088458,女,1
341557035,男,1
219459220,男,1
27038990,保密,1
360000,男,1
82718253,女,1
8450169,保密,1
35216563,保密,0
280466255,保密,1
478441977,男,1
1726807301,保密,0
431787592,保密,0
62423399,女,1
45074849,女,1
280489335,男,1
37958483,男,1
470445535,保密,0
180571859,男,0
401522210,男,1
595501421,男,0
510820378,保密,0
314821879,男,1
1231181202,保密,0
473363896,男,0
473363896,男,0
1844756326,保密,0
445335141,保密,0
1995253163,保密,1
635079631,男,0
1537748703,女,0
211673961,保密,1
11506207,保密,0
345507694,保密,0
1728891595,保密,1
18425597,男,1
1879118910,男,0
357939600,男,1
496893345,保密,0
358775746,男,1
87348491,保密,1
548230600,保密,0
153934526,女,1
488051168,保密,1
1785773,保密,1
504252515,保密,0
12233813,男,1
376743154,男,0
544467066,保密,0
18197548,女,1
470631092,女,0
7998925,男,1
388223794,男,0
498483862,保密,1
429654148,保密,1
156910708,女,1
123174763,男,0
19346736,保密,1
693983051,男,0
1594543533,女,0
649731279,保密,0
500393078,保密,0
861946,保密,0
150514941,男,1
1243190115,保密,0
1243190115,保密,0
23556492,女,1
65627738,保密,1
40718040,保密,0
357053867,保密,1
27583526,保密,0
1081472517,保密,0
39456085,女,0
33593232,保密,0
1270578334,女,0
477919396,男,0
23934411,保密,1
1032820605,保密,0
2508413,女,0
31638610,女,1
442082330,男,0
399635406,男,0
71260175,保密,0
79747940,保密,1
358855589,女,0
259204354,保密,1
446342320,保密,1
23411636,女,1
403835662,男,1
456503346,保密,0
610463,男,1
424242200,保密,1
1126757215,男,0
358203400,保密,0
386251917,女,1
1809906630,保密,0
3934814,保密,1
429953929,保密,0
437931344,保密,0
290493234,女,1
277378783,保密,0
631435290,保密,1
11648303,保密,1
391561395,男,0
667062544,女,0
437473265,男,1
1418198932,男,0
472304822,女,0
22760721,女,0
383894028,保密,0
474099664,保密,0
15134489,女,1
23978850,男,1
101263966,男,1
513664769,保密,0
355326610,保密,0
163731819,男,1
361749063,保密,1
590843312,保密,0
43840154,男,1
401731924,保密,1
34265341,男,0
647192448,男,0
19426084,保密,1
9838033,女,0
19426084,保密,1
9838033,女,0
24671871,保密,1
508152378,男,1
169357092,男,1
470965695,男,1
281412889,保密,1
1397095541,保密,0
194203382,保密,0
15134489,女,1
388690,保密,1
249126092,男,1
426210406,男,0
248293316,保密,0
286269519,男,0
486025817,保密,1
1836961089,保密,0
175291135,男,1
27069833,男,1
96769803,保密,0
678282,保密,1
24234668,保密,1
399564491,男,1
15097254,保密,1
441662807,保密,0
627813557,保密,1
1161670634,保密,1
296920852,男,0
357987394,男,0
291060574,保密,1
484954621,女,0
3649269,保密,1
501360513,保密,0
324574235,男,1
210163170,保密,1
513781738,保密,1
384369241,男,0
431005186,保密,0
301160672,男,1
7958301,保密,1
8318990,女,0
2092297,保密,1
22318598,女,0
4378363,男,1
1907939612,女,1
11303992,男,1
347779558,女,1
1602788,男,1
339081596,男,1
33525520,保密,1
673232817,保密,0
499592078,女,1
3045401,男,0
84182900,男,1
558071996,保密,1
1286733881,女,0
4131796,男,1
1447266962,女,1
389427938,保密,1
267680428,男,1
336859016,保密,0
2529480,保密,1
387302129,保密,0
54265195,女,1
362470452,保密,1
353768894,男,1
292482260,保密,1
1193394513,保密,0
196603990,男,0
20060502,保密,1
56389615,保密,1
156842300,保密,0
110174133,男,1
285796659,男,0
19589033,女,0
37943976,女,0
2036302684,保密,0
301509416,保密,0
512950771,男,0
183934933,女,0
25359575,男,1
67961684,保密,0
100587395,保密,1
39411056,保密,1
500204937,男,1
233894527,保密,0
349385028,保密,1
5572257,保密,0
86379813,男,0
101984233,男,1
182682751,保密,0
45096535,保密,1
44327767,保密,0
22760721,女,0
37773133,保密,0
1936560458,男,0
471849662,女,0
1141144246,女,0
313999367,女,1
481472068,保密,1
333436245,保密,1
81933791,保密,1
479007358,保密,1
283992143,女,0
482043502,男,1
11948821,男,1
693957214,保密,0
344197793,保密,1
36822589,女,0
443153976,保密,1
45822956,保密,0
1684210053,女,0
1513711487,保密,0
2851007,女,0
28547096,男,1
2517920,保密,1
503282705,保密,1
3258812,保密,0
73391771,男,1
50035791,男,1
73391771,男,1
50035791,男,1
1143717064,女,0
114092202,男,1
516741109,男,1
30501194,男,1
11428721,保密,1
6450237,保密,1
1661253921,女,0
182826886,男,0
199519432,保密,1
1793425,保密,1
2084153592,保密,0
8827120,保密,1
8166922,保密,1
21872179,女,0
1756824708,保密,1
2138312469,保密,0
498657119,女,1
490160005,保密,1
382436780,保密,0
515469425,男,1
696536122,男,0
297220797,男,1
20195012,男,1
240912561,保密,0
362769082,保密,1
626976844,保密,0
363208,保密,1
433754753,保密,1
1487427753,保密,0
44879844,男,1
1353423,男,1
312813818,男,1
313143628,男,1
955481,女,1
501949806,男,0
630115595,男,0
149341495,保密,1
1039103070,男,1
455761784,保密,0
500878443,保密,0
15468880,保密,0
23080211,女,0
524651948,保密,0
1071533298,男,0
1911471679,保密,0
111925046,女,0
1907291065,保密,0
1594066,保密,1
356117041,男,0
439296786,男,1
409542473,男,1
316936606,男,0
2726705,男,1
1106771175,保密,1
501453059,保密,0
506797415,保密,0
503255172,男,0
1960660136,女,0
449979841,保密,0
1166786353,女,1
107630979,男,1
500270166,保密,0
424664617,保密,1
28642106,男,0
411174225,女,0
631369976,保密,0
520509456,保密,0
390008631,保密,1
57930,男,1
47708824,男,1
1558392327,保密,0
162629193,保密,0
88751161,女,0
33396885,男,1
443084057,男,1
182576667,女,1
644277812,男,0
481735565,保密,0
401429144,保密,1
17099774,男,1
348831144,男,0
35744850,保密,0
228964161,保密,1
397303918,男,1
339181127,男,0
176541613,保密,1
7072562,保密,0
283065544,保密,1
422714311,男,0
2140985832,男,0
1087012351,女,0
291617817,保密,0
352760563,保密,1
493189881,保密,0
397229375,保密,1
407652198,女,1
54738735,女,1
343475721,男,1
526265752,保密,0
439114770,男,1
38987368,保密,0
36962836,男,1
288708956,保密,1
211370512,女,0
1868044807,女,0
357736246,女,0
396769894,女,1
253806310,保密,0
542236406,女,0
351372039,保密,0
229522157,保密,1
396638596,男,0
436359130,保密,1
23457198,女,0
18515417,保密,1
251575253,保密,0
1492474355,保密,0
36404086,男,1
550326721,男,0
1505937387,保密,1
487399999,保密,1
473352886,男,0
417212031,保密,0
4629095,保密,0
1122604724,保密,0
359937366,男,0
4814338,男,1
28610064,男,1
259486090,男,0
516941250,男,1
402880181,保密,0
111845628,女,0
275622320,保密,1
353490303,女,0
430697324,男,0
627407779,保密,0
403353678,女,1
452380038,保密,0
22308330,保密,1
102625349,男,1
350755235,保密,1
1595648,男,1
19123348,男,1
525754939,保密,1
419738478,保密,1
266770371,女,1
354840964,女,0
1740947,保密,1
30098218,男,1
11316090,女,0
495052465,女,1
91059812,保密,1
652267634,女,0
44486037,保密,1
380526334,保密,0
334677836,保密,1
1817705935,保密,0
1623431894,保密,0
1817705935,保密,0
1623431894,保密,0
695034470,保密,1
2011941,女,1
1223898673,保密,1
1367835651,保密,0
1409170386,保密,0
667961852,男,0
495273178,保密,1
390678978,保密,1
392571706,保密,1
32872443,保密,0
1713020494,男,0
479062791,保密,0
27315637,保密,0
272513909,女,1
494352968,保密,0
16912752,保密,1
52673633,女,1
344476994,男,0
4363881,保密,0
32595094,男,1
432568768,女,1
86817896,男,0
1359812478,女,0
24853630,保密,1
8252972,男,1
107307766,保密,1
159182511,保密,0
13272636,男,1
400607036,保密,0
205301334,男,1
1410927635,女,0
365848625,男,0
31638610,女,1
288924396,保密,1
422528085,男,0
288601718,保密,0
258094568,保密,0
440117433,保密,0
76776029,女,0
6703394,女,1
449499976,男,1
35474542,保密,1
289992421,男,1
6935516,保密,1
403107413,保密,1
169275273,保密,1
15580371,保密,1
33012189,保密,1
674572373,保密,0
481580836,男,1
287559379,保密,1
4890398,保密,1
641870232,男,0
2569794,保密,1
18268663,保密,1
667598579,保密,0
95326755,女,0
458143207,女,0
377662922,保密,0
427725038,男,0
397792627,保密,1
19175748,保密,1
11992752,保密,1
348869471,男,1
2000554748,保密,1
173582733,保密,1
404332181,男,0
490103076,保密,0
13270235,男,1
500938206,保密,1
2144100997,保密,0
11781461,保密,0
165828358,女,0
471604539,男,0
273234320,男,1
1838748735,保密,0
443992144,保密,0
172440230,保密,1
443992144,保密,0
172440230,保密,1
11888210,保密,1
26060512,男,1
406084948,保密,0
504068770,保密,1
432028294,女,0
79954927,保密,1
514930638,女,0
661650446,男,0
5680132,保密,1
12643767,保密,1
82379380,女,1
89370711,保密,1
290010322,保密,0
425270821,保密,1
496854288,男,0
362028636,保密,0
6221798,保密,1
629234861,保密,0
176540807,保密,0
168763590,保密,0
10007203,保密,1
443635131,男,1
2707655,保密,1
325991445,保密,1
520672097,男,0
404903781,女,1
157707118,男,1
198510727,女,0
338476665,保密,1
404136845,男,0
661304065,保密,1
234059677,保密,0
304438779,保密,0
12865982,保密,0
431119244,保密,0
92318738,保密,1
697704901,保密,1
456841570,保密,1
205041,保密,0
515724052,男,0
1963331237,女,0
1648263236,保密,0
666810173,男,0
1467149012,男,0
73640220,女,0
610246342,保密,0
342031530,保密,0
53797293,保密,1
1522993331,保密,0
452429971,保密,1
594414740,保密,0
1042855598,男,0
361186645,保密,0
487062873,男,0
59442106,女,1
12142374,保密,0
485888408,男,0
364752390,男,0
25583563,男,1
1437252574,保密,0
185836443,保密,0
21848295,男,1
291087139,男,1
323713040,保密,1
494024233,保密,0
564949691,男,0
288652446,保密,1
249466731,男,1
372277072,女,1
89486068,男,0
191284029,保密,0
411569554,男,0
54215995,保密,1
381851346,保密,0
2750449,女,0
531645615,女,0
47363868,保密,1
544636505,男,1
531645615,女,0
47363868,保密,1
544636505,男,1
1356905618,女,0
26443280,男,1
346611190,保密,0
470850951,男,0
399421025,男,1
351092852,男,0
693177848,男,0
48571387,女,1
480977089,保密,0
501010488,女,1
15307089,保密,1
404314752,女,1
397000392,女,0
342028927,保密,0
1702500118,保密,0
690638542,男,0
509420347,保密,1
2129114269,保密,0
418327136,保密,0
494657841,女,0
151200057,女,1
396145809,保密,1
1030008993,保密,0
1790480583,保密,0
39473015,保密,1
398701043,男,0
415390090,男,1
565188430,男,0
689561067,保密,0
1256095788,男,0
1761572778,女,0
1583612033,男,0
472167437,女,0
57405815,男,1
487115162,保密,1
455495349,男,1
1968435257,保密,0
1900862815,保密,0
521798024,男,0
486943107,保密,0
44937984,保密,1
701909487,男,0
1131015225,保密,0
2826975,保密,0
313776320,男,0
258937101,男,1
17879445,保密,1
631119804,保密,1
353780051,保密,1
173016364,男,1
1599973678,女,0
1775167079,男,1
352919435,男,0
93316673,保密,1
241267860,男,0
524441882,保密,0
1962548362,保密,0
352966734,男,0
21227320,保密,1
564949691,男,0
495368577,女,1
21488091,保密,1
652223369,男,0
385035309,保密,0
105949698,女,0
25285981,保密,1
435354855,保密,0
7661425,保密,1
2116081418,女,0
5750895,男,1
403864,男,1
27465014,男,1
508478093,男,0
493687271,保密,1
661693975,女,0
26105494,女,0
1199950676,保密,1
26105494,女,0
1199950676,保密,1
479522801,保密,0
453495889,保密,0
470637854,保密,1
34434902,男,0
1704200014,男,0
1012904098,保密,1
344228015,男,1
25345857,男,1
107150277,男,0
399906111,保密,0
501466927,保密,1
3033873,男,1
116119510,保密,1
37780599,保密,1
65453056,保密,1
164852963,男,1
305665859,保密,1
351623068,男,1
27038990,保密,1
649898118,保密,0
538167389,保密,0
379873449,保密,0
1018311752,女,0
690009513,保密,0
1306242330,保密,0
422749378,保密,0
1665071297,男,0
634648,男,1
524819655,女,0
507484100,男,1
29626311,保密,1
1497319171,保密,1
398889146,保密,1
1156419163,保密,0
195607386,男,0
543840677,保密,1
699643053,保密,0
1353431601,男,1
376743154,男,0
4852243,男,1
12342937,保密,1
87831551,保密,0
486943107,保密,0
1161670634,保密,1
24342500,保密,1
28211387,男,0
343682395,男,1
513612912,保密,0
332914483,男,0
22760721,女,0
384472597,男,1
1291582437,保密,0
7536929,男,1
404598399,保密,0
37403025,男,0
1497319171,保密,1
1768257245,保密,1
357987394,男,0
357987394,男,0
1060899445,男,0
538167389,保密,0
295286992,保密,1
355562911,男,1
509678670,保密,0
87659475,男,0
1883358246,保密,0
352448960,保密,0
1478754792,男,0
485888408,男,0
112355441,保密,0
1497319171,保密,1
302409227,男,0
1502584730,男,0
402548383,保密,0
454941603,男,0
254469829,保密,0
341345864,保密,1
632057042,男,0
600352739,保密,0
647966259,保密,0
487073789,保密,1
408456282,女,0
2030454818,男,0
474821868,保密,0
471383934,男,0
1617318995,保密,0
639977296,保密,1
700180542,男,0
506411772,保密,1
1923514670,男,1
504109959,保密,0
